id,call_num,title,accession_num,publisher,copyright_date,status
1,Pohn.IG.6UB.gBg 2022,Codenames,7352210,TabletopTycoons,1964-04-07 09:47:51,Available
2,Qbht.78.BWe.uGy 2067,Catan,2667427,DiceRollers,2013-09-20 04:27:03,Available
3,Fxv4.BP.iU5.0Dp 2056,Tiny Towns,7960858,TabletopTacticians,2012-12-19 02:11:40,Available
4,WtkU.Q8.GNj.lP8 2032,Sheriff of Nottingham,3948409,GameNightNinjas,1955-03-26 00:42:07,Available
5,Kfsy.2N.LU3.qJr 2036,Great Western Trail,7532324,TabletopTrendsetters,1999-03-09 13:52:13,Available
6,Xkca.7b.Q42.4O2 2045,Catan,8359231,CardGameCrafters,2009-12-06 07:17:15,Available
7,DvrI.4G.jmR.mEp 2095,Betrayal at House on the Hill,1857946,PlayfulPandas,2020-02-05 13:33:49,Unavailable
8,Jfr1.AI.6Qt.3Sv 2006,Sushi Go,5860713,PlayfulPenguins,1964-11-02 07:55:13,Unavailable
9,Fzuf.tE.v2A.hO9 2001,Great Western Trail,8353039,FunTimePublishing,2000-09-06 14:52:22,Reserved
10,Egvc.Fc.RtS.WTz 2045,Blood Rage,7413195,GameTimeTales,2017-04-23 07:30:26,Available
11,LfrY.p7.VLe.1O4 2072,Settlers of Catan,7374704,CardGameCrafters,2016-11-26 00:04:21,Available
12,EhgC.3a.YS9.WPe 2066,Ticket to Ride,7274556,GameTimePublishers,1990-04-16 18:24:14,Reserved
13,Ulwm.ae.xMG.hAb 2093,The Isle of Cats,2231211,TabletopTreasures,1970-01-17 17:57:50,Available
14,Cdjl.Mc.7eV.1O3 2067,Codenames,8142416,BoardGameBonanza,1980-11-01 13:50:05,Available
15,Ptmo.YM.t6G.6Y0 2030,Brass Birmingham,2350708,BoardGameBlast,1965-09-22 08:03:41,Available
16,GqhJ.73.f2x.tU1 2036,Azul,5834646,TabletopTreasures,2010-02-14 03:41:03,Available
17,Nyf6.FN.FFL.FP2 2040,Chess,7530995,CardGameGurus,1958-03-14 01:08:48,Unavailable
18,Uggf.Te.zuC.uGa 2056,Ticket to Ride,9490070,GameTimeTales,1975-09-04 03:43:53,Available
19,Ygjr.mP.cb5.oNw 2011,Azul: Stained Glass of Sintra,7131528,GameNightNinjas,1989-03-03 15:36:21,Available
20,Hpek.Zk.pdR.sCt 2049,Terra Mystica,6397722,PlayfulPublishers,1968-01-25 16:10:00,Available
21,FolG.W7.3np.DPp 2045,Sorry,7029350,CardSharkPublishing,1973-09-21 17:14:49,Available
22,BulG.cf.Uw1.kAd 2048,Just One,1791202,BoardGameBrigade,1970-08-15 10:29:04,Available
23,Sdr1.9M.YzF.KAg 2001,Santorini,0863212,TabletopTreasures,1951-02-05 00:11:49,Unavailable
24,Kos9.Tu.kE7.fPw 2010,Uno,7508678,PlayfulPandas,2023-09-02 03:22:07,Available
25,HzqV.B8.eDT.rMr 2077,Scythe,5291720,DiceDuelists,1997-09-15 22:42:10,Available
26,Euix.VX.B7C.wEi 2011,Uno,1057174,DiceDazzlers,1959-08-06 06:54:16,Available
27,Yxan.IG.AsQ.XRc 2021,Exploding Kittens,8399581,GameNightEnterprises,1986-06-13 16:19:20,Reserved
28,Avcm.4p.2fM.IH2 2008,Codenames Duet,1140443,PlayfulPonies,1982-06-16 03:03:22,Available
29,Fhl8.Si.bVp.TP6 2049,Splendor,6478241,TabletopTacticians,1980-08-27 22:12:14,Available
30,Dccy.7h.Pdp.sLc 2073,Love Letter,4934383,StrategyGamesInc,1962-07-12 15:59:29,Reserved
31,KnsL.Ta.KyM.7Ef 2071,Clank!,2370984,PlayfulPirates,2019-05-16 04:30:52,Available
32,Agfa.Ct.V8y.6Vc 2052,Hanabi,8183370,CardGameCreators,2004-11-15 17:23:29,Available
33,Lfyx.Rr.KMj.iNr 2058,Power Grid,0546625,TabletopTrendsetters,1951-12-06 09:25:06,Available
34,PevM.co.IRt.uLp 2021,The Mind,2510607,PlayfulPonies,2014-12-01 13:48:37,Available
35,Qjk7.gJ.CQW.MDr 2027,Settlers of Catan,5454871,CardGameGurus,1985-04-07 23:20:36,Reserved
36,Vhjf.nU.2sD.bV2 2005,Power Grid,2696106,BoardGameBrigade,1983-05-25 22:12:56,Unavailable
37,PdpB.nC.nPy.cH0 2008,Twister,6483306,StrategyGamesInc,1952-05-25 03:36:18,Unavailable
38,BwvL.Jz.gIG.9Xc 2036,Pictionary,2304197,GameTimePublishers,1967-10-03 23:03:51,Available
39,IcfP.0X.JBR.sXh 2077,Root,3703603,TabletopTreasures,2023-10-30 10:14:05,Available
40,MouW.Tf.QKn.PCs 2052,Century: Spice Road,4908456,CardGameCreators,1980-01-20 01:20:15,Available
41,Fpxj.oV.jn8.qIf 2021,Wingspan,0064394,GameNightNerds,2006-10-26 02:44:08,Available
42,HueD.f0.hxa.BDs 2044,Munchkin,9212592,PlayfulPublishers,2006-05-05 04:05:18,Available
43,Cift.ES.Sae.uP8 2061,Checkers,4838994,BoardGameBuddies,2022-05-19 05:26:03,Available
44,Nqz0.qy.XNi.pVq 2015,Wingspan,6780511,CardGameCrafters,1960-09-16 13:17:52,Available
45,Zdvq.qu.sqJ.5Ph 2028,Jenga,1818916,BoardGameBlast,2020-08-31 05:44:55,Available
46,Pidw.39.ZnH.PGk 2073,Tapestry,4379797,CardGameCrafters,2010-08-31 00:42:13,Available
47,Ulaa.TJ.8EF.mTl 2020,Sagrada,4839652,BoardGameBonanza,2019-02-26 20:40:43,Available
48,Ktlh.59.vYM.fB8 2018,Pandemic Legacy,0842693,GameTimePublishers,1998-05-31 06:59:28,Available
49,EapA.Yr.Ar7.CLz 2092,The Quacks of Quedlinburg,2912463,GameTimeTales,1973-10-19 04:06:41,Available
50,KbbU.ur.pWs.uZw 2005,Pandemic,4556733,GameTimePublishers,1984-05-02 09:29:42,Available
51,NlzX.e8.8dx.4Mm 2009,Santorini,5499666,CardGameCreators,1964-03-14 08:21:56,Available
52,Qjmm.qK.W75.HX5 2044,Root,9298429,GameTimePublishers,2008-12-05 08:36:15,Reserved
53,IrfZ.vc.gFJ.vRg 2021,Keyflower,9794753,TabletopTrendsetters,1983-06-26 08:26:08,Available
54,Zula.jJ.Nh7.sIb 2073,Checkers,7476646,DiceRollingEnterprises,2022-11-14 05:12:58,Available
55,NanD.sl.j3R.RKs 2073,Azul: Stained Glass of Sintra,2956476,GameCrafters,2007-04-04 21:28:14,Available
56,EtmJ.XY.ZHV.kVi 2091,Pictionary,8996865,CardShufflers,2013-05-03 15:41:05,Available
57,DhiT.83.hY6.xOt 2086,Ticket to Ride,5028626,GameOnProductions,1961-02-20 18:54:34,Unavailable
58,Ihqy.0h.ke8.7Ui 2003,Wingspan,0851414,DiceRollingEnterprises,1993-11-18 14:29:05,Available
59,Arc8.tR.tBB.3Tn 2007,Sorry,3436946,CardGameCrafters,1982-09-23 12:53:15,Available
60,NruN.3q.RhX.MK6 2089,The Resistance,8462203,BoardGameBrigade,1987-09-21 05:54:09,Available
61,Kzbz.hh.3t6.kNf 2019,Clue,1549476,BoardGameBrigade,1959-08-07 12:54:02,Unavailable
62,XqfY.LK.fbo.SLo 2069,Sequence,5024409,PlayfulPonies,2018-08-04 15:29:03,Available
63,Cbse.hj.Uj7.SBn 2011,Azul: Stained Glass of Sintra,8947690,TabletopTreasures,1978-04-08 16:37:13,Available
64,Xymj.Sk.5W7.1R4 2032,Dominion,0323871,TabletopTacticians,1982-02-05 18:34:51,Reserved
65,Tkka.rF.GOa.pV0 2073,Betrayal at House on the Hill,9806846,GameTimeTales,1957-03-14 03:34:33,Available
66,Dnbz.iL.U8r.nGm 2093,Terra Mystica,6381019,TabletopTycoons,2008-06-09 08:27:17,Available
67,Xvza.QB.4sR.DLm 2022,Gizmos,6231203,GameTimeTales,1954-08-21 19:45:22,Available
68,Gqx4.CS.bDX.fFb 2064,Yahtzee,8721442,FunTimePublishing,1981-10-09 16:20:26,Available
69,SnlT.56.49f.yR1 2000,Azul: Stained Glass of Sintra,9367828,DiceDazzlers,2019-11-16 05:29:05,Available
70,Fgq6.rk.mBf.IP5 2090,Splendor,8229865,CardGameCrafters,1962-05-12 15:19:49,Available
71,Ofq5.48.Eg7.gSc 2025,Blood Rage,5823098,GameNightNerds,1952-08-13 05:57:27,Available
72,EhpL.of.uqQ.8Kj 2009,Through the Ages,6070277,BoardGameBlast,1988-10-09 23:06:09,Available
73,VrmN.04.qoS.1Nl 2077,Sorry,2040277,GameTimeTales,1982-06-17 13:54:00,Available
74,TtjK.zw.dGh.BL5 2098,Uno,5615106,CardGameCreators,1988-06-03 16:24:25,Available
75,BrkM.HR.JNr.gLa 2070,Wingspan,5332600,CardSharkPublishing,2001-11-08 11:50:35,Available
76,Bga8.Yt.N23.eKb 2090,Gizmos,6230387,CardGameGurus,1988-04-08 05:38:23,Available
77,VqkZ.Eg.U3v.DYv 2049,Brass Birmingham,9290773,DiceRollingEnterprises,2000-09-09 01:12:55,Unavailable
78,Wbm6.LP.GxD.cVq 2056,Patchwork,7687224,GameTimeTales,1984-03-31 02:55:03,Reserved
79,Qvwv.D0.T0E.iWl 2046,Coup,2829219,GameCrafters,1965-08-03 03:29:09,Reserved
80,Vlc9.Xf.AYO.8Cb 2001,Sorry,8890576,GameNightNinjas,1968-01-20 10:44:50,Available
81,Jjnx.nJ.Exw.FZx 2005,Arkham Horror,2189837,StrategyGamesInc,1981-08-09 07:56:24,Available
82,Zly2.p7.ZDY.iNs 2003,Dead of Winter,7694445,PlayfulPirates,2007-09-22 20:49:55,Available
83,Vnuc.VV.lXo.dCf 2018,Sagrada,9579285,GameNightNinjas,1971-12-29 17:05:15,Available
84,Ftw6.l8.TXQ.uVp 2085,Gloomhaven,2158393,BoardGameBlast,1995-06-18 18:23:13,Available
85,UglM.Vu.NzY.0Xm 2089,Santorini,3093049,GameTimeTales,1964-06-22 01:44:07,Unavailable
86,NitR.lv.Wq7.JHo 2081,Checkers,9069315,FunTimePublishing,1954-01-14 12:57:10,Available
87,EwkA.iE.nt7.pTx 2071,Catan,3275509,CardGameCreators,1984-01-13 02:48:54,Available
88,Agnw.sQ.Yiz.eN0 2073,Twilight Struggle,4954738,CardGameGurus,2005-02-12 10:49:29,Available
89,Fzkm.6E.yag.TA8 2032,Clue,3499225,TabletopTacticians,1969-12-21 08:17:36,Available
90,Bikc.UG.Pvd.TO3 2030,Brass Birmingham,6893082,GameNightNinjas,1998-06-09 04:57:44,Available
91,JhiZ.L3.qgY.KTu 2025,Santorini,1230357,BoardGameBonanza,2018-06-30 14:37:22,Available
92,Wati.pu.u6y.LO6 2084,Codenames Duet,0081275,TabletopTrendsetters,1991-03-26 17:45:29,Available
93,VyeL.lJ.oGK.PGw 2022,Jenga,5393056,PlayfulPenguins,1977-09-09 13:52:25,Available
94,Oeqa.Pb.uaf.8Ha 2083,Blood Rage,2881665,CardGameGurus,1955-04-19 12:56:20,Reserved
95,Wfi2.0P.0ng.uFx 2033,Viticulture,5273021,TabletopTreasures,1955-02-23 14:46:47,Available
96,Nkzp.1k.wjo.8Gx 2024,Betrayal at House on the Hill,2794779,TabletopTrendsetters,2009-06-23 14:23:50,Available
97,ZnuZ.ip.5e5.7Tw 2001,Terra Mystica,1273252,TabletopTycoons,1996-03-12 22:09:17,Available
98,Rbu7.rF.KoE.hT9 2007,Carcassonne,5605296,StrategyGamesInc,2011-07-05 14:14:51,Available
99,AkbS.tH.t8l.OLv 2094,Scythe,0134964,PlayfulPirates,1981-10-22 03:45:00,Available
100,CyeJ.mq.F1q.uK5 2082,Pandemic,8083231,PlayfulPandas,2020-05-09 18:56:51,Unavailable
101,Ubex.M6.6u3.eO5 2078,Pictionary,2101434,GameTimePublishers,1998-09-01 00:38:56,Available
102,Fxpd.ni.4Q6.xKg 2009,Wingspan,2654283,TabletopCreators,1965-08-07 10:27:56,Available
103,HecU.d1.Oxf.DZx 2088,Onitama,9006294,DiceThrowers,2020-06-10 16:35:08,Reserved
104,Glbc.8O.2pR.KFp 2091,Keyflower,4464678,TabletopTycoons,2019-06-02 04:02:38,Available
105,Jbi7.rD.QVb.uUb 2021,Hanabi,1769743,GameNightNinjas,1957-05-18 20:59:32,Available
106,Beb8.B2.pLj.2M1 2056,Blood Rage,1258103,DiceRollers,1992-04-08 23:36:36,Available
107,Wgxf.He.dwV.3A3 2089,Wavelength,7528981,CardGameCrafters,2001-03-28 12:31:07,Available
108,Whkm.AD.5PG.uUp 2033,Connect Four,7203098,BoardGameBonanza,1984-01-12 10:38:27,Available
109,Qeav.r5.flm.UTw 2052,Tiny Towns,8505361,CardGameGurus,2001-11-10 02:54:05,Available
110,XltY.AS.HKB.vY9 2069,Wingspan,0496160,TabletopTreasures,1982-07-19 12:09:10,Available
111,WzqK.JC.q3f.lVj 2068,Spirit Island,7854384,BoardGameBrigade,1996-12-05 16:32:32,Available
112,Aqi2.Ch.eWV.bJ5 2047,Wits & Wagers,3234915,TabletopTrendsetters,1992-08-27 09:23:45,Available
113,Uaq6.xV.RdM.oLd 2050,Wavelength,3134752,GameTimeTales,2020-11-16 17:42:42,Reserved
114,Jiib.13.omg.iEx 2074,The Crew: The Quest for Planet Nine,1077578,TabletopCreators,1994-08-26 16:10:31,Available
115,UoeR.eK.eLn.sZy 2058,Munchkin,4635099,PlayfulPenguins,1964-05-24 07:27:06,Available
116,Dvzb.qu.cXj.fSb 2054,Scythe,1794443,GameTimeTales,1989-01-12 06:33:51,Available
117,YmiP.gS.ppR.ZJe 2093,Sheriff of Nottingham,0717919,DiceDuelists,1978-02-26 19:49:53,Available
118,FfkY.Le.eFl.rWc 2037,The Quacks of Quedlinburg,8038899,BoardGameBlast,1957-05-05 08:45:20,Unavailable
119,OuxC.q8.uaX.5Ey 2067,Spirit Island,8055665,RollingDiceGames,1970-07-28 01:38:18,Available
120,HgkD.B0.iFt.OT4 2063,Power Grid,5316763,TabletopTycoons,1960-06-05 08:23:43,Available
121,Lxml.qQ.j70.sC0 2054,Twister,8095641,BoardGameBrigade,1990-03-03 08:38:53,Unavailable
122,AvhN.Xg.EY2.DVr 2030,The Crew: The Quest for Planet Nine,2991038,DiceRollingEnterprises,2003-11-09 22:40:46,Available
123,YybP.pu.Ku5.gZk 2001,Exploding Kittens,4443761,BoardGameEmporium,1978-03-28 14:05:33,Available
124,Dcvl.gE.4AP.hIa 2086,7 Wonders,8367826,TabletopTacticians,1962-03-03 22:31:04,Available
125,Ulf2.x7.7Eb.dHa 2084,The Resistance,4222158,TabletopTrendsetters,1966-01-12 11:25:43,Unavailable
126,NvnU.GU.3ap.bRw 2099,Twister,8953307,CardGameCreators,1985-09-21 04:41:23,Available
127,Uewc.jv.Mzd.rQq 2045,Catan,8152460,GameTimeTales,2022-12-18 23:54:09,Available
128,GueK.yG.Ayh.EGo 2089,Coup,9077205,FunTimePublishing,2010-10-15 00:25:45,Available
129,DxkP.Pr.e9m.EN5 2006,Wavelength,1238407,DiceDuelists,1970-08-29 10:42:50,Available
130,FocC.dV.aYV.JD5 2023,Pandemic: Iberia,4869052,GameNightNerds,1976-10-18 08:08:51,Reserved
131,Pgc3.hw.TJM.xYt 2074,7 Wonders,9963848,DiceRollers,1982-08-25 01:41:55,Available
132,Eece.cd.Eu1.9N7 2048,Exploding Kittens,4448802,PlayfulPirates,2006-03-25 15:41:28,Unavailable
133,Vkfk.Ed.5ZV.UPi 2057,Connect Four,4121209,BoardGameBonanza,1965-07-18 07:15:06,Available
134,Llvd.to.7JO.uHf 2053,Terraforming Mars,0648031,PlayfulPirates,1984-10-10 17:52:59,Unavailable
135,DuqD.Cb.H6j.hT8 2004,Sushi Go,6105526,PlayfulPandas,2013-06-10 13:25:29,Available
136,Okpm.GZ.yjb.lCk 2005,Spirit Island,9966895,PlayfulPenguins,2009-01-15 23:33:52,Reserved
137,Mie7.Za.lF0.EV8 2054,Betrayal at House on the Hill,6388778,PlayfulPublishers,1974-01-28 17:52:23,Unavailable
138,Ewsp.In.GdY.YSj 2010,Century: Spice Road,1843883,DiceDuelists,2003-03-15 19:47:46,Available
139,Gll2.5v.woV.YBc 2031,The Quacks of Quedlinburg,6682886,TabletopTrendsetters,1982-01-15 13:18:42,Unavailable
140,DwkO.5Q.Tv6.BBn 2011,Monopoly,6270573,FunTimePublishing,1983-01-05 08:18:06,Available
141,KjfB.eC.8lR.ANf 2029,Just One,2947015,BoardGameBuddies,1998-02-12 09:13:44,Available
142,UnuH.Hq.Tm2.5O7 2071,Pictionary,3083117,PlayfulPandas,2015-05-28 18:36:23,Available
143,HvbP.ER.ErV.2Nw 2011,Azul,2224441,TabletopTrendsetters,1956-08-21 18:46:13,Available
144,Ksbp.Ji.T1B.tTm 2000,Wingspan,7982945,GameNightNerds,1951-11-18 08:32:58,Available
145,Wyvy.BY.OsJ.eFj 2002,Splendor,4247647,DiceThrowers,1977-06-29 20:42:23,Available
146,IwbB.wY.FD6.4Y4 2049,Blood Rage,2165079,CardGameCrafters,1951-02-14 03:31:45,Unavailable
147,UafL.pF.Hox.HQ1 2068,Century: Spice Road,0861340,DiceDuelists,1994-11-04 18:54:56,Available
148,BhmH.Ge.vLJ.iOh 2072,Root,6815307,CardGameCrafters,2007-03-26 17:26:53,Available
149,RprT.35.Rfj.tTt 2060,Great Western Trail,2202578,TabletopTycoons,1966-11-16 03:56:24,Available
150,Zgbl.Gf.2tp.vHr 2052,Clue,7776590,DiceRollers,2018-06-23 15:54:54,Available
151,Dmwo.x3.Fo7.tQn 2009,The Castles of Burgundy,6148527,TabletopTreasures,1998-04-04 04:40:57,Available
152,MrwO.fu.0Gj.FV0 2090,Through the Ages,3178976,PlayfulPonies,1978-04-17 02:53:19,Available
153,Idc3.K4.jx0.UQm 2000,Azul,5836792,DiceMasters,1987-01-27 19:50:23,Available
154,WijA.iU.P1g.POo 2053,Everdell,2467986,TabletopTrendsetters,2009-08-10 14:59:27,Available
155,Ibvx.JB.gpp.qJm 2049,Cartographers,8603463,BoardGameBuddies,1960-12-13 10:38:23,Reserved
156,UilP.no.Bds.sY1 2048,Tigris & Euphrates,0845688,GameNightNinjas,1958-07-01 18:54:08,Available
157,Zsdy.2S.XJC.GZp 2043,Codenames,7314631,GameNightGurus,1999-05-26 01:59:53,Available
158,PvxK.zX.Q54.iUk 2055,Gloomhaven,5309991,TabletopTycoons,2020-08-15 21:34:30,Available
159,HotE.0O.Alm.MFy 2019,The Crew,4037502,TabletopTacticians,1992-07-18 11:12:59,Available
160,Ufjs.qd.yGE.EEe 2033,Orleans,0498466,StrategyGamesInc,1980-03-24 17:26:37,Reserved
161,Fsol.47.lPC.ZR7 2085,Welcome To...,3909126,TabletopTrendsetters,1969-04-08 21:56:04,Available
162,ZjxN.D8.gvu.xSc 2005,Clank!,7264371,TabletopTycoons,1952-04-10 19:46:39,Available
163,Imej.Wv.fhy.5Bb 2093,Codenames Duet,8779867,TabletopTacticians,2005-04-01 16:09:24,Available
164,MxlU.Li.yDu.xUl 2083,The Mind,1977104,CardGameCreators,2018-03-18 20:05:35,Unavailable
165,Hflo.u6.du8.KQ5 2014,Yahtzee,7142344,DiceDuelists,1965-03-30 09:43:14,Reserved
166,Sovn.Lv.xfE.AIg 2051,Twilight Struggle,9690659,PlayfulPandas,1993-08-22 20:38:16,Available
167,Tnpm.2N.fQa.0P4 2027,Arkham Horror,9872936,GameTimePublishers,1973-04-07 02:57:32,Available
168,Qrb2.m0.FvN.OT4 2058,Dead of Winter,9270307,TabletopTreasures,1961-09-06 21:12:40,Available
169,Lylr.GG.nUo.rKm 2056,Betrayal at House on the Hill,6895678,TabletopTrendsetters,2003-01-01 02:48:06,Available
170,Xvbf.kV.1tH.dBj 2044,Dead of Winter,7550343,BoardGameBlast,1986-01-27 16:50:05,Reserved
171,Pog6.T0.5Jc.wE3 2067,Wits & Wagers,6690405,BoardGameBrigade,2022-07-06 08:14:32,Available
172,GmuQ.iK.u5z.nZc 2035,Codenames,6913947,DiceDuelists,1980-08-19 21:02:39,Available
173,Gsom.1y.vL3.nMv 2011,Pandemic: Iberia,0962955,CardGameCrafters,1966-05-02 08:21:47,Available
174,PlzB.X8.VMI.bXf 2086,Pandemic Legacy,5516489,PlayfulPandas,1969-06-19 15:38:30,Available
175,Xvu0.KW.xeG.lE5 2085,King of Tokyo,5556433,TabletopTreasures,1972-04-29 12:17:21,Available
176,Rmzf.J8.79l.MBg 2096,Brass Birmingham,3859990,DiceDazzlers,1972-02-24 04:57:23,Available
177,VroO.cb.fSQ.SMv 2006,Wavelength,2707266,BoardGameBlast,1971-02-09 06:57:12,Reserved
178,Ivqn.qD.1Mt.KNy 2052,Cartographers,2706707,TabletopTrendsetters,2017-11-08 21:59:23,Reserved
179,Hwsm.4Q.2rt.8G2 2012,Betrayal at House on the Hill,5410579,CardGameGurus,1977-11-16 01:51:05,Available
180,Vdld.CM.nnG.WU6 2014,Munchkin,5111608,GameNightNinjas,2020-04-24 02:46:25,Available
181,Qdln.uD.cp1.kOn 2070,Kingdomino,1878467,DiceDazzlers,1959-12-14 08:50:09,Available
182,Bhpq.uX.LB3.lM9 2000,The Quacks of Quedlinburg,1970238,BoardGameBonanza,1989-09-17 21:03:58,Available
183,NwzT.so.h8s.SCk 2047,Catan,9545643,BoardGameBonanza,1965-08-27 14:04:07,Unavailable
184,JvnX.Al.sDA.8Wl 2074,Yahtzee,5084395,DiceRollingEnterprises,1971-02-17 06:18:04,Available
185,QdkF.ON.5sY.HQr 2013,Pandemic Legacy,2794073,BoardGameBonanza,2018-04-12 15:03:03,Available
186,Eaj6.CH.7sl.TMh 2078,Love Letter,2838863,DiceDuelists,2003-09-02 15:35:14,Available
187,Tecr.kb.45m.ZSb 2038,King of Tokyo,1235433,BoardGameBrigade,1990-11-18 19:00:23,Available
188,Nzav.wJ.B1x.6Pu 2084,The Mind,1275850,GameTimeTales,1988-12-08 20:12:03,Available
189,MomS.Tw.6UQ.TBg 2015,Sequence,9006824,PlayfulPirates,1957-02-13 01:02:08,Available
190,Nzx2.Uv.E3X.eZ9 2064,Pandemic Legacy,5155301,PlayfulPandas,1973-02-13 11:38:45,Available
191,Qqc5.Bv.wbq.CQs 2058,Monopoly,3552393,DiceRollingEnterprises,1953-03-22 02:14:18,Available
192,Frvt.yQ.j5c.AYz 2009,Munchkin,0140347,TabletopTales,1968-11-16 05:46:36,Available
193,FniS.ZU.rrs.iZq 2003,The Crew,8443735,FunTimePublishing,1977-03-10 02:54:21,Available
194,Trcu.TY.rE4.wIy 2071,Codenames Duet,9439128,TabletopTycoons,2022-12-23 08:36:40,Unavailable
195,ZtsW.7U.HVL.wSt 2065,Battleship,1808319,PlayfulPirates,1980-02-13 11:28:06,Available
196,Jwch.2M.s10.5Hz 2084,Jenga,8281802,TabletopTycoons,2008-05-28 19:23:33,Available
197,SpeN.Hn.JLS.1U2 2074,Twilight Struggle,0075299,DiceRollers,1955-02-13 15:53:20,Available
198,HdzE.PA.KDn.4Rc 2085,Qwirkle,0584746,BoardGameBuddies,1963-07-23 13:33:03,Available
199,RurC.Yo.wZ9.xGe 2089,Kingdomino,2621987,PlayfulPenguins,1956-05-28 09:32:53,Reserved
200,PnyA.pp.weL.mFs 2061,Century: Spice Road,7154832,GameNightNinjas,1970-05-09 10:37:21,Available
201,Zlsu.W8.rvM.9E5 2031,Connect Four,6854466,BoardGameCo,2022-07-19 21:26:26,Available
202,Wzbv.H5.5E1.wL6 2070,Betrayal at House on the Hill,2202584,CardGameCreators,2016-10-30 12:59:44,Available
203,IxdB.YW.snP.SY0 2000,The Crew: The Quest for Planet Nine,0933531,BoardGameBuilders,1969-10-02 06:15:08,Available
204,Anii.WR.bhN.UT5 2069,The Mind,0252413,TabletopTreasures,2007-11-07 01:45:33,Available
205,UhsP.Cp.gKw.PPj 2064,Eldritch Horror,6326866,GameNightEnterprises,2018-10-21 11:40:20,Reserved
206,Jgk4.42.ZBa.rTw 2029,Just One,1262608,CardGameCreators,2010-12-30 04:54:27,Unavailable
207,PjnC.6T.qEN.qAh 2050,Risk,6778478,GameTimePublishers,1950-03-23 21:06:07,Unavailable
208,IcoT.wA.9DM.QDq 2093,Codenames Duet,3236293,TabletopTreasures,1965-10-28 15:43:41,Available
209,CtfC.oS.MRf.kWp 2034,Arkham Horror,6970908,GameTimeTales,1980-01-01 04:53:45,Available
210,Pjyt.07.Dg0.NFx 2089,Tigris & Euphrates,9337628,GameCrafters,1961-12-08 11:41:56,Available
211,Gdfc.5L.bAF.4Kz 2096,King of Tokyo,4567580,CardSharkPublishing,2023-07-12 13:41:57,Available
212,Qnth.mu.tHx.jKq 2084,Twilight Struggle,8675889,BoardGameBuddies,1965-06-13 13:09:59,Unavailable
213,Yjjk.oq.3Ws.2Yh 2023,Orleans,4185925,GameNightNerds,1964-08-23 22:03:46,Available
214,Rjwr.4j.UB1.TAb 2051,Sushi Go,6120693,CardSharkPublishing,1993-10-02 19:10:54,Unavailable
215,Dvm8.Ew.6UP.fT5 2016,Sorry,8295578,TabletopTacticians,1984-05-23 12:38:09,Unavailable
216,DacJ.IZ.TVM.WXh 2048,Root,9844141,GameNightEnterprises,1973-11-02 18:05:23,Available
217,Rqkh.p8.VCZ.eJg 2071,Betrayal at House on the Hill,4550576,CardSharkPublishing,1955-04-04 19:26:20,Unavailable
218,XlqP.Yk.kG9.cQ5 2006,Splendor,8775592,TabletopTacticians,1992-05-23 15:23:35,Available
219,Qpju.t7.jux.IHo 2015,Root,6329452,DiceDuelists,2017-10-01 22:48:58,Reserved
220,Wyci.RC.P01.1Ps 2064,Terra Mystica,7917680,PlayfulPandas,1987-09-13 23:24:00,Available
221,ImmP.Oh.K9N.NWo 2029,Uno,8829750,TabletopTycoons,1981-12-22 13:11:46,Available
222,Dyf0.KI.1i6.eOj 2052,Quacks of Quedlinburg,8282406,DiceDazzlers,1982-07-18 15:08:44,Reserved
223,Zmrq.nA.U4a.xBv 2087,Qwirkle,6791942,CardGameCreators,1978-05-05 06:10:45,Available
224,PduP.Wc.NLT.ZCs 2021,Scythe,2059700,GameTimeTales,1988-12-13 22:50:51,Unavailable
225,UjuO.s9.ytm.CS9 2082,Power Grid,1402325,CardShufflers,1973-02-11 03:48:03,Available
226,Neyl.fG.lj3.1E6 2054,The Resistance,5718570,BoardGameBrigade,1958-09-22 05:46:29,Available
227,Gxs8.no.mdO.uU4 2070,Forbidden Island,8160967,DiceThrowers,1953-01-23 04:55:32,Available
228,Cjpj.XG.6FX.uZw 2011,Risk,8163053,GameTimeTales,1961-11-20 12:13:36,Available
229,Ryga.Zy.ibS.qB9 2038,Splendor,8253243,PlayfulPirates,1950-05-09 01:36:29,Available
230,KocJ.1Y.DIu.eBx 2077,Yahtzee,5861011,DiceRollingEnterprises,1999-05-19 08:48:22,Unavailable
231,ZxpB.IS.9Fk.oFs 2050,Quacks of Quedlinburg,5181449,TabletopTycoons,1974-01-07 18:07:43,Unavailable
232,PbqT.vB.ddE.JTl 2087,Risk,2086116,PlayfulPandas,1993-04-10 14:08:23,Available
233,Vpv1.fk.iNv.jP6 2073,Checkers,6827762,TabletopCreators,1961-04-22 15:03:36,Available
234,CoiP.XZ.mtx.LVm 2095,Cartographers,9605658,DiceThrowers,1994-02-05 06:47:42,Reserved
235,AywK.3F.O2E.TTd 2062,Battleship,4769988,GameTimePublishers,2010-02-03 22:13:25,Available
236,Nsc6.Mq.ocF.yGa 2005,Jenga,9855767,CardSharkPublishing,1988-01-21 05:12:42,Unavailable
237,QtbK.7w.Vsd.wQl 2020,Dead of Winter,8789035,GameNightNinjas,1976-12-30 22:23:12,Available
238,NktU.q4.ENZ.yL6 2080,Everdell,9976294,PlayfulPirates,1987-05-07 20:03:45,Available
239,QdhU.X6.3ay.uKx 2043,Just One,6308556,PlayfulPandas,1958-10-19 11:54:37,Reserved
240,Zwf9.vO.fRb.WWh 2033,Hanabi,3443485,CardGameCreators,2011-08-30 14:30:25,Available
241,Gmtl.mn.5bp.dI5 2073,Clank!,0057076,FunTimePublishing,1993-07-19 21:20:06,Available
242,Osmo.Ll.H65.1Wi 2096,Mansions of Madness,0444348,PlayfulPirates,2010-08-08 13:12:31,Unavailable
243,LyfZ.6L.XAr.YWc 2007,Terra Mystica,1723747,PlayfulPonies,1994-09-26 09:25:52,Available
244,GdfC.2U.sAR.mK6 2097,Terra Mystica,5665147,BoardGameBlast,2006-10-23 16:48:19,Reserved
245,Xtnv.Q2.m4A.QQn 2096,Catan,0114421,PlayfulPandas,2013-12-04 01:07:08,Available
246,Xsoc.PN.yyS.IWb 2023,Azul: Stained Glass of Sintra,3718607,TabletopTales,1993-11-23 17:20:13,Available
247,Hnes.b3.tdv.eI6 2021,Scrabble,7212465,DiceMasters,2019-07-22 11:02:37,Available
248,Gxzh.qk.dYp.7Fw 2055,Everdell,1911924,TabletopTycoons,1997-10-09 11:21:13,Available
249,HuhC.QO.UjD.4T4 2019,Santorini,1585082,FunTimePublishing,1992-12-09 11:09:18,Available
250,Pdjh.oX.nzk.iP6 2042,Gloomhaven,1732439,CardShufflers,1999-05-24 02:23:37,Available
251,JcmE.Vi.n8q.PDv 2092,Kingdomino,4758732,CardGameCreators,1962-03-02 14:23:20,Available
252,EkiT.q2.3Df.mD6 2009,The Resistance,6168068,CardGameGurus,1951-11-10 18:12:48,Available
253,Ahh5.xC.pBi.YXd 2088,Twister,6492671,CardShufflers,2007-06-27 04:06:19,Unavailable
254,Dhwa.xL.1ry.kRz 2023,Scrabble,2665689,PlayfulPenguins,1955-02-19 17:12:51,Reserved
255,Nfar.dj.jZ8.1M8 2052,The Isle of Cats,6874538,BoardGameBonanza,1979-03-22 16:03:43,Available
256,Znjm.xt.dMW.8K5 2031,Onitama,8203324,GameNightNerds,2006-11-05 18:28:31,Unavailable
257,LltG.TQ.eKK.HDs 2042,The Crew: The Quest for Planet Nine,1359668,GameNightEnterprises,2002-07-17 09:42:37,Available
258,Syvq.qB.MxN.7Yt 2009,Qwirkle,0413328,BoardGameBrigade,2019-10-15 05:38:01,Available
259,TmjF.gL.s0x.vUq 2018,Tiny Towns,5073653,BoardGameBonanza,2014-12-12 14:33:28,Available
260,Xdj3.1I.qro.9Jd 2041,Twilight Struggle,8467641,RollingDiceGames,2007-12-16 22:42:04,Available
261,SddK.Ux.zag.YG6 2069,Connect Four,9709443,PlayfulPandas,1959-05-13 04:00:08,Available
262,Ywsi.U6.zvm.EG1 2093,Gizmos,1860753,PlayfulPirates,2014-02-05 22:10:32,Reserved
263,Ynpl.aA.fOz.RI3 2016,Through the Ages,4168459,TabletopTacticians,1951-03-07 08:12:20,Reserved
264,HbjR.qN.YFd.XEa 2045,Settlers of Catan,9418975,TabletopTrendsetters,2017-07-30 04:20:48,Reserved
265,VhvT.Gi.x3K.0Rg 2071,Betrayal at House on the Hill,8577572,DiceDazzlers,1998-12-24 11:05:43,Available
266,SxjH.6L.Tyw.ZFk 2052,Uno,2048781,CardShufflers,2007-07-18 06:20:37,Available
267,Jbk6.O6.JL4.aX7 2059,Keyflower,7661106,BoardGameBlast,1969-10-01 11:10:06,Available
268,Zkt7.TQ.YuP.rT4 2018,Orleans,0711875,GameTimeTales,1990-07-12 20:12:20,Available
269,SxyH.8v.AgF.1Nk 2068,Tiny Towns,6261148,GameNightGurus,1961-09-18 14:37:07,Available
270,Vwqk.lV.7gx.SCz 2042,Scythe,9508960,BoardGameBlast,2014-12-27 02:32:25,Available
271,Lnw5.mO.K04.cT4 2066,Arkham Horror,5716003,GameTimeTales,2002-12-11 00:04:21,Available
272,Hzpd.uZ.IkW.mSy 2036,Pandemic,5101785,GameTimePublishers,1994-08-04 20:56:35,Available
273,Mxs7.Qs.4rE.4R7 2006,Dominion,8745968,GameNightNinjas,1959-07-26 04:00:19,Available
274,Ldqg.MY.E61.yD3 2065,Agricola,8949060,BoardGameCo,2022-05-09 23:36:57,Unavailable
275,SscT.Jx.Vrp.pFp 2093,The Mind,4704722,CardGameGurus,1982-02-20 17:35:39,Reserved
276,Zplz.c9.QfD.RZ3 2044,Tiny Towns,0010442,TabletopTreasures,2005-07-28 06:23:57,Available
277,Wjcw.M8.VO8.xK6 2030,Sheriff of Nottingham,7914470,DiceMasters,2000-03-18 03:40:33,Reserved
278,VqcZ.Hz.xMt.ZRb 2068,Century: Spice Road,9450108,GameTimeTales,1971-06-26 00:52:52,Available
279,Amh6.As.IGQ.PQn 2085,Checkers,3434705,DiceMasters,1985-01-01 07:46:48,Available
280,Hpzk.Dr.JRD.3U7 2010,Azul: Stained Glass of Sintra,8884545,DiceThrowers,1975-02-02 15:37:36,Available
281,Tetv.Du.SEE.4Gz 2021,Chess,8782186,GameTimeTales,1960-09-27 19:31:20,Unavailable
282,IhrC.Lj.3E6.tMp 2097,Century: Spice Road,7753608,BoardGameBuddies,1969-12-14 17:39:00,Available
283,Frwy.WO.o75.HIk 2057,Twister,5324796,CardGameGurus,2008-07-10 20:01:56,Available
284,QuvZ.Hk.xpl.eU2 2019,Forbidden Island,1466212,TabletopTreasures,1984-05-03 09:08:25,Available
285,Aurh.xY.3XG.SU9 2082,Munchkin,1428494,DiceDuelists,1982-08-23 06:34:57,Available
286,MheT.zs.xfV.HNd 2073,Pandemic: Iberia,5191239,CardGameGurus,2016-06-17 08:35:34,Reserved
287,UxiY.Mz.mm5.7Wu 2091,7 Wonders,6475334,CardGameCreators,2022-11-18 06:59:25,Available
288,Qbx4.gw.T4B.YUg 2078,Terra Mystica,2931268,GameTimeTales,1991-11-10 22:16:55,Available
289,Axjd.Ea.348.ANw 2050,Risk,1674243,PlayfulPenguins,1989-04-22 13:11:18,Available
290,Epm8.Td.Fgv.OL3 2006,Dominion,0262970,PlayfulPandas,2021-07-31 04:17:57,Available
291,EzxW.nP.ogK.eO9 2090,Twister,6520394,GameOnProductions,1983-09-24 22:52:16,Available
292,DouU.Vd.0IM.FM5 2032,Santorini,5599899,TabletopTales,1957-01-06 13:43:35,Available
293,Euqj.Gd.bEO.nR6 2074,Wingspan,1608845,DiceThrowers,1979-09-07 06:13:44,Available
294,Ravg.nU.dsl.AZv 2004,7 Wonders,1289979,CardSharkPublishing,1952-01-26 10:30:41,Reserved
295,RtqD.Tr.wmG.MPi 2075,The Resistance,0919273,PlayfulPonies,2009-03-03 05:29:16,Reserved
296,Uwdi.KO.A7o.zV6 2057,Wavelength,2861780,PlayfulPublishers,2005-11-05 19:23:10,Unavailable
297,VeeK.tt.VVd.QXz 2017,The Isle of Cats,7594585,PlayfulPenguins,1956-05-21 12:07:20,Available
298,JeqG.Hc.5Vw.THz 2086,Monopoly,4033120,DiceDuelists,1996-04-26 19:17:31,Available
299,Dxoe.B9.f28.MXc 2006,Wingspan,3909595,TabletopTacticians,1958-03-13 11:34:59,Unavailable
300,Lgjb.R1.Sr2.gRs 2026,Dead of Winter,1445599,CardGameCrafters,1987-02-11 13:08:45,Available
301,Ncor.lF.wF1.BKp 2086,Exploding Kittens,7315107,BoardGameBonanza,1953-07-06 20:48:16,Available
302,Ale1.0Y.dK6.4Hv 2053,Qwirkle,9440278,PlayfulPandas,1975-07-24 21:58:41,Available
303,Dxkp.FK.zec.tAr 2026,Settlers of Catan,2395414,DiceDazzlers,1976-04-23 16:49:08,Available
304,CcdI.Ov.8SE.PGs 2003,Tigris & Euphrates,8759717,PlayfulPonies,1962-05-08 15:50:14,Available
305,Ahl0.lA.o6V.dCy 2032,The Quacks of Quedlinburg,3449572,DiceThrowers,1958-10-04 01:46:34,Available
306,UguZ.5B.L0Q.cX0 2037,Splendor,4525752,TabletopTreasures,1968-06-12 07:56:09,Available
307,MwfD.mM.HYD.dE4 2044,Quacks of Quedlinburg,0127242,PlayfulPublishers,2008-07-02 19:49:00,Available
308,Advp.UJ.vqj.xPc 2053,Pandemic,6158822,PlayfulPirates,1987-12-30 19:42:04,Unavailable
309,Hcrh.Wq.ftB.6Ji 2019,Just One,8746858,PlayfulPenguins,1977-02-02 10:24:06,Unavailable
310,CemV.NL.MES.GBm 2094,Blood Rage,8296373,DiceMasters,1951-06-20 02:36:41,Available
311,Nbk8.h9.74w.oTi 2027,Sagrada,0836585,BoardGameBonanza,2014-11-12 05:50:36,Available
312,BuxF.ly.IpC.xLa 2058,Codenames,9980879,BoardGameBlast,1951-10-12 08:00:05,Available
313,Snen.Co.kQQ.tRa 2095,Century: Spice Road,5644300,TabletopTacticians,2005-11-03 02:50:45,Available
314,Bnly.Rs.9wc.DWy 2016,Codenames Duet,3343335,CardGameCrafters,1983-10-10 05:47:32,Reserved
315,BrsY.Zz.IiQ.0Gx 2003,Pandemic Legacy,7515380,BoardGameBrigade,1997-05-04 09:46:25,Available
316,Izet.mq.kAN.EUu 2013,Wits & Wagers,5083319,TabletopTycoons,1996-02-11 23:41:24,Available
317,JobE.UO.qcO.XU1 2066,Hanabi,4417406,PlayfulPirates,1995-12-17 09:07:42,Available
318,Uwcb.8l.9dt.MC2 2004,Root,9407562,PlayfulPenguins,1970-08-09 12:40:18,Reserved
319,QzrJ.kE.jyZ.IRd 2024,Yahtzee,8005968,DiceDuelists,1964-05-26 13:02:13,Available
320,MyqV.5v.lns.BA5 2077,Twister,8244649,GameTimePublishers,2008-01-24 04:56:46,Available
321,Fcrf.CG.tVy.kFt 2074,Exploding Kittens,9753133,TabletopTacticians,1960-10-15 12:54:56,Unavailable
322,Gsdm.jD.OIb.WAj 2055,Power Grid,5806386,BoardGameBlast,1956-03-30 02:56:22,Available
323,YnaR.Y2.KMe.VMa 2078,Catan,6030732,GameNightGurus,1997-10-26 11:14:48,Available
324,Jglz.GW.LdJ.qI7 2014,Keyflower,8619115,TabletopTrendsetters,2016-05-02 09:45:05,Available
325,Aty2.3E.gUB.DP2 2063,Dominion,8940784,BoardGameCo,1978-06-15 15:44:45,Available
326,SjcQ.Ug.AZA.lXz 2042,The Mind,2278697,CardGameCrafters,1998-07-19 11:29:06,Reserved
327,Jbx3.cc.QT1.DE9 2040,Connect Four,5857330,CardGameCrafters,2022-06-17 05:58:31,Available
328,Jku7.ez.rz2.NIi 2072,Hanabi,7933429,DiceMasters,1982-11-16 11:05:34,Reserved
329,DcoI.gj.Cs4.3I0 2078,Just One,6715330,TabletopTreasures,2023-07-17 09:23:02,Available
330,Vpb6.17.QGi.wKh 2031,Patchwork,9617003,PlayfulPonies,2010-01-21 12:33:03,Available
331,Egc5.5f.WVe.iQ4 2040,The Isle of Cats,3829520,CardSharkPublishing,1967-12-25 11:21:34,Available
332,AgaN.rJ.hA5.nL4 2015,Wingspan,4825797,GameNightNinjas,2018-05-05 02:48:19,Available
333,Npub.BH.8Cf.VD3 2097,Sushi Go,1110643,BoardGameBrigade,2013-01-02 13:29:10,Reserved
334,DbkU.51.SVt.eA8 2025,Viticulture,2401042,BoardGameCo,1963-05-16 12:11:34,Available
335,Bgr9.DB.cQ0.rPr 2034,Risk,9660179,CardGameGurus,1983-01-29 12:42:15,Available
336,Ysf8.7w.FsL.mFl 2005,Blood Rage,8136459,DiceRollers,1959-11-15 14:43:01,Available
337,Ikmp.dH.suy.DBx 2067,Arkham Horror,5376590,StrategyGamesInc,1999-09-08 20:04:22,Available
338,DizK.UG.Vo4.yE3 2065,Brass Birmingham,3894525,GameNightNerds,1998-07-15 16:48:41,Available
339,AyrF.HB.i5e.KBv 2045,Keyflower,1740282,TabletopTacticians,1986-01-08 13:23:03,Available
340,Tizx.LM.2MG.4Ub 2068,Wavelength,9342660,BoardGameBonanza,1955-09-06 04:03:16,Available
341,Mmm0.Tt.o8f.2Yc 2034,Scrabble,7355578,GameNightNerds,1984-03-13 13:09:38,Available
342,Bzrk.WF.m0h.NHx 2021,Small World,9157688,PlayfulPonies,1998-01-10 15:37:16,Available
343,Tqhj.sv.bj0.0Wt 2067,Dixit,3954876,PlayfulPirates,1994-10-07 20:37:18,Available
344,Gly3.7A.Sda.EP9 2060,Settlers of Catan,8282689,BoardGameEmporium,2013-05-03 13:39:03,Available
345,XizS.r7.dmi.NNs 2009,Azul,4908854,GameNightNerds,1993-12-18 06:26:06,Available
346,OmjG.AR.e0g.CX3 2064,Clank!,2801826,BoardGameBonanza,2008-03-06 02:02:17,Available
347,GssR.yo.UQb.RB3 2002,Dixit,6735411,CardSharkPublishing,1954-08-17 16:04:47,Available
348,UjwH.BH.99o.sVy 2011,Monopoly,5988694,TabletopCreators,1965-11-16 04:29:08,Unavailable
349,JypG.Gb.ip0.ABf 2089,Connect Four,0486421,PlayfulPublishers,1952-02-20 18:35:36,Available
350,BgpN.0l.Ciu.1Ek 2056,Clue,5696520,DiceDazzlers,1979-12-14 06:00:28,Available
351,Ivl6.M4.fOv.1Qd 2043,Spirit Island,7883201,CardSharkPublishing,1975-01-11 08:34:11,Unavailable
352,QmxY.si.vT0.WHv 2070,Sagrada,7448115,CardGameCrafters,1958-07-29 16:38:38,Unavailable
353,Rzbi.4Q.4kx.mKg 2070,Blood Rage,7927638,CardGameCreators,2014-03-13 12:09:53,Available
354,Xhe0.hX.s05.4P3 2039,Dead of Winter,7234964,BoardGameBrigade,1981-04-19 08:42:05,Available
355,IevO.9l.1OB.BA8 2026,Pandemic,1455023,PlayfulPandas,2001-09-01 00:51:56,Reserved
356,Xqzk.yY.cB3.NAo 2036,Pandemic: Iberia,5001283,PlayfulPonies,1981-09-16 22:42:07,Available
357,Afed.vQ.ExX.IC3 2019,Twister,4250260,CardGameCreators,2003-10-22 17:01:35,Available
358,WwlF.EI.1tE.1J0 2049,Eldritch Horror,2897598,CardGameCreators,1954-10-07 11:28:07,Available
359,BplL.Ib.v7e.qZr 2097,Small World,4942296,FunTimePublishing,1995-08-25 12:42:59,Available
360,Ynyl.ix.nsz.FIt 2096,Orleans,7232217,TabletopTales,2020-11-04 23:23:00,Available
361,Dkwk.Nz.aNd.2Lm 2027,Viticulture,5029645,DiceDuelists,1973-05-30 20:23:06,Unavailable
362,MmfS.uh.5wY.GV7 2076,Wingspan,2577875,GameNightEnterprises,2016-07-26 01:49:22,Available
363,Cxhb.wf.iSz.MRl 2047,Twister,8262077,BoardGameBlast,1966-04-29 05:49:56,Unavailable
364,BjyW.ic.ret.6Sy 2045,7 Wonders,8268399,PlayfulPirates,2020-07-02 08:28:39,Available
365,Karz.w7.ZYS.zYs 2027,Yahtzee,4524882,DiceDazzlers,1953-05-26 03:40:41,Available
366,Rqjc.hP.8Gb.MHb 2048,Spirit Island,6341683,TabletopTacticians,1964-04-22 03:02:48,Available
367,SfzS.dT.Gn3.lEv 2034,Kingdomino,1084765,GameTimeTales,2009-03-25 14:22:50,Available
368,Oygc.LL.EBs.FMo 2044,Power Grid,7072601,PlayfulPandas,2006-02-12 08:21:12,Available
369,Dvmr.Wx.jG9.KMh 2073,Checkers,0698548,GameTimeTales,1999-07-07 12:24:50,Available
370,Fjaw.wA.Z7D.LJu 2064,Terra Mystica,8009176,DiceDazzlers,1994-01-08 21:43:44,Available
371,Nhf9.x4.gbb.GP7 2045,Keyflower,0411985,BoardGameBuddies,1985-05-28 23:28:41,Unavailable
372,PvuV.nr.GKw.tE4 2021,Wits & Wagers,5201972,GameOnProductions,1996-07-10 18:09:04,Reserved
373,Xdke.16.zSu.BPg 2057,Gloomhaven,4082123,DiceMasters,2014-07-25 01:53:59,Available
374,Sng6.kU.FJK.BWb 2048,The Crew: The Quest for Planet Nine,4430986,DiceMasters,2006-05-07 23:45:10,Unavailable
375,RfxU.Fa.Fbu.1Ei 2017,Pictionary,6892448,TabletopTacticians,2015-11-23 10:36:42,Available
376,Pfvi.G3.VYu.ZYw 2052,Monopoly,6174486,CardShufflers,2021-01-23 03:47:35,Available
377,TmuH.FJ.HFE.UDx 2052,Pandemic,1430562,DiceDuelists,1978-11-18 06:14:30,Reserved
378,Eflv.QQ.7mq.kCg 2063,Great Western Trail,8259390,GameTimePublishers,1961-09-26 10:19:12,Available
379,Wxde.Kc.PXe.UNg 2039,Spirit Island,9893127,GameNightNinjas,1983-04-17 19:06:09,Available
380,Pejz.P7.esc.XD2 2000,Pandemic: Iberia,5508763,BoardGameBlast,1992-12-05 09:21:27,Reserved
381,Piff.Lt.5XY.hEs 2052,The Mind,1760679,TabletopTreasures,1998-12-31 06:55:20,Reserved
382,Aqwn.mT.7ih.rB2 2083,Terra Mystica,8588095,DiceDuelists,1998-09-20 13:55:20,Available
383,LwgQ.OJ.Zhx.XBg 2036,Agricola,0753005,GameTimeTales,1994-12-17 11:48:31,Available
384,Rfit.wL.9qc.ZCi 2059,Azul,8265904,BoardGameBonanza,2006-02-04 09:14:41,Reserved
385,XvdM.OF.YYW.eR1 2041,Viticulture,0645480,StrategyGamesInc,2019-07-21 13:25:32,Available
386,KhrW.uZ.Rmy.aUs 2020,Tigris & Euphrates,0174123,DiceMasters,1984-06-02 16:05:58,Available
387,Ckdq.X5.w0Z.uP5 2075,Betrayal at House on the Hill,8517568,CardSharkPublishing,2023-11-11 14:40:21,Reserved
388,Looh.Zt.4ks.BLx 2035,Century: Spice Road,4613258,BoardGameBuddies,1990-11-09 15:03:04,Available
389,Haos.iq.4gd.jKk 2059,Sequence,2575328,TabletopCreators,1964-08-23 23:16:19,Reserved
390,JlmT.t4.Kkw.eOc 2017,7 Wonders,5201289,PlayfulPonies,2001-08-23 02:09:39,Unavailable
391,YttE.Dv.Fji.qPc 2038,Dead of Winter,0834331,BoardGameBrigade,2001-08-13 06:35:41,Available
392,Nemb.9m.RBN.vT9 2019,Spirit Island,3171507,PlayfulPenguins,2011-03-12 13:14:55,Available
393,SohT.3G.Sso.DOa 2054,Pandemic Legacy,3184506,PlayMakers,1982-03-18 14:22:46,Available
394,Dukx.qW.KbX.FXy 2064,Everdell,1560365,CardGameCrafters,2002-03-20 15:23:35,Available
395,Julq.en.Dmt.oOm 2078,Great Western Trail,2225090,CardGameCreators,1952-02-28 20:04:57,Available
396,Ram3.pF.e3k.5Qc 2063,The Quacks of Quedlinburg,7600864,GameTimePublishers,1985-07-10 05:04:08,Unavailable
397,LehP.Xi.sOj.lTh 2046,Forbidden Island,7749105,BoardGameBonanza,2009-10-05 02:24:16,Reserved
398,Sbvi.HY.LhY.GQf 2077,Qwirkle,1224970,GameNightNinjas,1991-04-11 18:45:20,Available
399,CnjE.4q.Frv.lR1 2096,Pandemic Legacy,0981041,GameTimePublishers,2020-05-07 07:51:44,Available
400,Tcbp.9g.f24.5Xt 2011,Small World,7618382,BoardGameBuilders,1991-02-07 16:58:49,Available
401,Pysv.eO.94j.XE8 2080,The Crew: The Quest for Planet Nine,9923196,GameCrafters,1972-03-31 01:41:56,Available
402,Qchs.wp.2G4.bIk 2082,Azul: Stained Glass of Sintra,3765587,GameCrafters,1955-12-30 01:24:24,Reserved
403,OxjT.p1.QFN.sAr 2007,Pandemic Legacy,6079472,PlayfulPirates,1986-03-26 04:16:53,Available
404,Vfs2.U8.umt.NL4 2089,Betrayal at House on the Hill,3532408,CardSharkPublishing,1994-03-01 22:11:42,Unavailable
405,FzoU.cC.GLC.bNp 2072,Just One,9694410,DiceThrowers,1965-07-23 08:31:07,Reserved
406,Pil1.Ae.efN.UKc 2092,Scrabble,2377895,BoardGameBuddies,2022-09-20 05:11:11,Reserved
407,Emsr.ya.dWR.nCc 2097,Rummikub,0669587,RollingDiceGames,1966-09-22 08:10:47,Available
408,Kfsl.3z.rvU.oSd 2032,Pandemic: Iberia,9186208,BoardGameBrigade,1995-12-29 21:35:26,Available
409,Det7.XL.AXl.gEz 2039,Twister,3632729,TabletopTrendsetters,1996-12-11 05:06:05,Unavailable
410,MdyL.RX.MZW.cNb 2012,Connect Four,6196499,PlayMakers,2005-05-05 22:18:41,Reserved
411,JvoX.XX.KrE.bGo 2084,Azul,7554159,BoardGameBonanza,2021-03-22 12:13:05,Reserved
412,Hcep.i2.8Hd.5Gx 2028,Everdell,4616209,GameTimePublishers,1996-07-17 15:46:01,Available
413,BraD.jh.6A0.yMl 2097,Jenga,7578157,GameNightNerds,2023-09-23 15:26:42,Available
414,Zlca.4a.C4u.tMq 2002,Quacks of Quedlinburg,6143018,CardGameCreators,2012-04-08 14:39:37,Available
415,MceG.2q.XPQ.0Ak 2041,Ticket to Ride,6905191,BoardGameBrigade,1986-12-28 14:54:09,Unavailable
416,Rawi.xd.VhL.vAy 2005,Exploding Kittens,3354061,TabletopTycoons,2010-02-15 17:29:32,Unavailable
417,Aly4.YU.IHp.GI9 2029,Azul: Stained Glass of Sintra,8749753,GameNightEnterprises,2015-05-16 16:49:46,Available
418,DwhU.fN.LY3.FDf 2022,The Quacks of Quedlinburg,8952811,PlayfulPonies,1976-04-17 06:49:40,Available
419,LbkR.FQ.GG9.UHc 2076,Onitama,8552478,CardShufflers,1953-12-01 11:22:38,Available
420,AhjY.L5.k3C.VSa 2034,Gloomhaven,8580766,GameNightNinjas,1989-03-24 07:41:03,Available
421,Muoe.zw.fTJ.kWf 2051,Tapestry,4932863,GameNightNerds,1994-01-22 18:33:32,Reserved
422,Itpt.vG.E1P.PT7 2012,Catan,4192605,PlayfulPenguins,2017-02-28 10:41:41,Available
423,Dib2.7u.CpQ.PXk 2060,Chess,0465514,GameTimeTales,1964-09-18 02:57:32,Unavailable
424,ZzpX.tu.fAa.iZu 2036,Quacks of Quedlinburg,5125941,TabletopTreasures,2009-09-20 00:40:21,Available
425,QpdJ.9c.GSl.JCt 2098,Gloomhaven,1371025,TabletopTrendsetters,1956-07-06 19:52:35,Available
426,Uypz.c0.vQB.ZZd 2091,Scrabble,2572358,GameTimePublishers,1972-05-21 16:08:59,Available
427,Cyo6.6s.5m3.MJy 2043,Terra Mystica,0109001,GameTimePublishers,1986-02-23 03:04:16,Reserved
428,ZtyC.XK.ZIv.TL3 2003,Tigris & Euphrates,7356338,BoardGameBonanza,2023-10-29 02:42:43,Available
429,Rbbn.vx.6rP.cFi 2043,Tiny Towns,0276033,DiceRollingEnterprises,1975-08-11 22:30:23,Available
430,AxnK.lT.mks.RGn 2071,Checkers,0539660,TabletopTreasures,1964-10-10 19:55:55,Reserved
431,SxgU.TX.T6Y.RJw 2045,Clank!,2713252,DiceDazzlers,2023-02-16 05:48:32,Available
432,Icrj.LS.Krd.TEw 2090,Pandemic: Iberia,7534905,TabletopTycoons,2015-05-14 20:43:15,Available
433,YlrP.nB.Rzm.4Ck 2097,The Crew,3307058,CardGameCreators,1967-05-20 09:00:55,Available
434,Lkiy.bA.oHY.XD9 2098,Azul,5642962,DiceDuelists,1993-07-19 16:54:41,Available
435,Dtpl.zp.UlZ.PFu 2077,Battleship,5994676,TabletopTreasures,1966-07-20 20:56:37,Available
436,Jhxt.lt.lmp.FZ2 2087,Gloomhaven,0208643,BoardGameEmporium,1981-02-17 06:59:27,Reserved
437,NbkD.KA.5Cz.iKs 2091,Hanabi,0066163,BoardGameEmporium,2001-12-07 14:29:15,Available
438,Vln4.UI.Nou.4B8 2049,The Castles of Burgundy,8124763,TabletopTreasures,1992-09-05 15:54:53,Available
439,Braa.SK.ntq.7Lu 2049,Sushi Go,1501870,GameTimeTales,1957-08-16 16:31:55,Available
440,HhtT.N0.pcz.BYw 2095,Checkers,1096530,PlayfulPirates,1952-04-06 07:04:21,Available
441,QxqR.h1.Oj0.GRq 2047,The Quacks of Quedlinburg,0101063,GameNightNerds,1991-01-31 10:03:35,Available
442,Rzml.e0.1kT.iCg 2065,Sheriff of Nottingham,0307652,BoardGameBonanza,1989-05-06 06:22:23,Available
443,BhmR.t8.7Qr.hS2 2022,Settlers of Catan,9809826,PlayfulPublishers,1952-06-07 23:47:56,Available
444,Nnel.n2.mG6.7N9 2052,Spirit Island,4102244,FunTimePublishing,1972-07-02 18:50:09,Available
445,XruX.yt.Qyr.DJi 2062,Terra Mystica,5589181,CardSharkPublishing,1997-11-11 19:35:19,Available
446,Xllj.gT.mLi.vTu 2005,The Castles of Burgundy,6518327,GameNightGurus,2018-09-28 20:45:51,Available
447,Xjp4.bm.wgO.cUv 2087,Catan,3823823,DiceDuelists,2020-04-14 05:23:19,Available
448,SeeE.Xu.BG7.5G7 2002,Eldritch Horror,1472760,TabletopTales,2002-05-24 15:11:49,Available
449,Dupj.FN.P2x.xH6 2072,Brass Birmingham,2127019,DiceDuelists,1982-08-27 03:03:21,Available
450,Seb7.R8.pIL.aGz 2075,Connect Four,2835115,BoardGameBuddies,1968-07-19 06:08:08,Available
451,Oaif.Ie.Bm7.eBw 2046,Everdell,9824115,DiceDuelists,1996-07-26 07:26:45,Unavailable
452,Obln.hy.AO2.DXw 2087,The Isle of Cats,8557809,DiceDazzlers,2008-01-29 06:54:19,Available
453,Nqtg.6C.5vo.dQ7 2003,Codenames Duet,2336887,PlayfulPonies,1983-04-14 08:46:07,Unavailable
454,DpyO.jX.IWD.ZC8 2008,Azul,0981183,GameOnProductions,2021-05-28 02:27:50,Available
455,MmaI.N4.kaz.IJh 2092,Orleans,3222733,BoardGameCo,1977-04-20 18:26:15,Available
456,Xmnq.vo.Kyk.IHz 2049,Viticulture,0239350,DiceRollers,1984-04-16 09:33:33,Unavailable
457,YxrB.xT.O0V.fT7 2067,Clue,3259079,BoardGameBlast,1998-03-16 06:15:28,Available
458,Qxyf.Ks.B0m.ePg 2010,Ticket to Ride,4519922,TabletopTycoons,1983-10-09 05:14:41,Available
459,Ojuw.CH.FR0.9Kh 2045,Santorini,3859140,GameNightNinjas,1966-03-26 08:13:32,Reserved
460,Sawx.lg.K7a.gEf 2020,Love Letter,0357911,CardGameGurus,1986-12-23 18:49:31,Available
461,Iivm.NO.Jd8.5Ld 2025,Clank!,3047902,TabletopTycoons,2021-11-27 19:59:18,Available
462,Werd.Cb.wtA.FMo 2085,Small World,1878584,BoardGameBrigade,1983-10-25 07:43:20,Reserved
463,XziQ.9o.zlG.tHo 2085,Patchwork,8657819,GameOnProductions,1965-07-16 23:42:08,Available
464,Hdri.OA.OQ4.1Wg 2059,Eldritch Horror,4255033,GameNightNinjas,1957-08-05 11:54:16,Available
465,ItaF.lW.9IB.XIr 2051,The Mind,3870762,BoardGameBrigade,2018-04-20 17:25:26,Available
466,SifO.Fu.0mX.rQo 2077,Orleans,2286684,DiceRollingEnterprises,1956-05-14 08:38:03,Reserved
467,Lrgi.uF.Yo6.MUr 2039,Small World,4665667,PlayfulPirates,2009-07-12 10:01:00,Available
468,Drqa.Dw.ZYg.EKi 2093,Pandemic Legacy,2421587,GameNightNinjas,1994-11-06 03:28:14,Available
469,MmxM.RC.d0Q.rAe 2045,Pictionary,5509130,GameTimePublishers,2003-04-30 04:34:51,Reserved
470,IjpH.6J.QFL.1Od 2097,Twilight Struggle,3507794,CardGameCrafters,1952-02-22 02:47:59,Available
471,Gdrv.Sg.k1i.3C9 2063,Viticulture,2330672,PlayfulPandas,1982-06-01 12:00:29,Available
472,VznN.oM.JVD.OBg 2007,Agricola,9769553,TabletopTycoons,1999-05-18 00:21:46,Available
473,Axao.D8.1W5.aG0 2098,Wavelength,9674978,GameTimePublishers,1952-05-22 18:29:58,Unavailable
474,TdvF.uE.fNb.zE6 2066,Scythe,3362098,TabletopTycoons,1978-07-17 15:32:07,Available
475,Gkfe.Mz.KIe.jRo 2035,Patchwork,4608887,GameTimeTales,1979-05-02 00:51:56,Available
476,FqcR.Pf.PO8.uWj 2078,Kingdomino,5233466,TabletopTycoons,1994-05-18 15:03:06,Available
477,JloH.I6.sy6.oWg 2045,Rummikub,6042654,GameTimePublishers,2011-02-07 21:54:09,Available
478,GvvW.9H.sbW.WHg 2092,Twister,3089422,BoardGameBonanza,1969-07-10 01:57:11,Available
479,Giup.bS.tFk.wNc 2069,Mansions of Madness,1954083,TabletopTreasures,1959-10-20 11:36:45,Available
480,MppR.NY.7no.MY8 2058,Dixit,4262718,DiceDazzlers,1985-05-27 11:11:35,Available
481,IqqB.og.Y6f.eOm 2096,Qwirkle,3105086,BoardGameCo,1950-12-02 18:28:27,Available
482,BfoI.2G.aBX.pJx 2056,Tigris & Euphrates,3231175,TabletopTacticians,2023-08-06 12:16:34,Available
483,Oetp.ny.VwC.rIc 2004,Mansions of Madness,8920063,CardGameCrafters,1965-04-03 06:00:07,Available
484,Kyb7.p8.qXC.aIk 2029,Betrayal at House on the Hill,8940766,GameNightNinjas,1984-06-24 01:18:45,Available
485,Nueq.EB.7Nn.IKl 2073,Codenames Duet,6237800,CardGameCrafters,1996-02-11 05:19:24,Available
486,Yahb.kr.Aut.lO9 2084,Patchwork,7707286,CardShufflers,1955-07-02 04:24:59,Available
487,Cphr.bJ.JQe.FAn 2011,Forbidden Island,4972716,DiceRollers,1989-05-05 06:15:52,Available
488,Dqz8.hx.VAg.WFw 2034,Sequence,1291544,TabletopTrendsetters,2004-02-02 22:17:51,Available
489,Ftcq.bh.Wms.bB9 2008,Carcassonne,2428539,CardGameCreators,2016-09-27 17:15:50,Available
490,PlzH.Eo.fyw.KSm 2076,Twilight Struggle,7208819,DiceRollingEnterprises,2019-02-27 11:27:57,Available
491,MruS.6l.Svr.PQl 2082,Ticket to Ride,7112734,PlayfulPandas,2022-01-30 22:43:19,Available
492,YtlH.4Y.eFG.9A8 2051,Connect Four,2801241,GameNightNinjas,1965-02-13 01:03:52,Available
493,SwrH.QP.TaS.eQe 2059,Tiny Towns,7391402,DiceDazzlers,1981-07-26 02:22:28,Reserved
494,KlnQ.vl.6vK.JBw 2069,Through the Ages,0789894,TabletopTales,2019-02-21 04:16:39,Available
495,CgsS.xH.r1W.OX5 2092,Tapestry,0147601,RollingDiceGames,1992-01-30 10:48:08,Available
496,AksI.qs.tdg.JJd 2097,Wingspan,8382922,DiceThrowers,1999-08-27 21:01:55,Unavailable
497,Hrkb.E0.uQj.AFc 2094,Dixit,8614522,GameNightNinjas,1962-08-15 07:17:02,Unavailable
498,RlyO.mc.CZx.oBo 2031,Codenames Duet,6824464,FunTimePublishing,1960-11-24 13:03:56,Available
499,Ecru.L3.Zn0.fE8 2062,The Mind,8934461,BoardGameBlast,1993-01-20 13:52:54,Available
500,Wlms.8E.Uhw.CMw 2090,Patchwork,3324608,GameNightEnterprises,1953-07-11 15:14:33,Available
501,ZkeT.ip.WHT.9T5 2050,Rummikub,8211345,CardGameCrafters,1994-12-03 03:12:27,Available
502,PruN.di.9ds.pFc 2063,Dixit,0478352,PlayfulPandas,1973-07-27 10:48:44,Reserved
503,Rgew.xB.1i4.XZn 2021,Eldritch Horror,4878772,TabletopTreasures,1999-04-04 09:40:06,Unavailable
504,Ejf5.ou.cqn.KWc 2080,Sagrada,3552838,PlayfulPandas,1968-03-18 13:47:05,Available
505,DlgJ.rV.tNZ.uRn 2049,Carcassonne,0843082,TabletopCreators,1992-05-06 04:43:37,Available
506,Bipu.be.tNL.uEx 2094,Blood Rage,4838696,TabletopTycoons,2001-06-01 09:04:10,Available
507,Poig.Lk.pyO.LLg 2079,Pictionary,0816269,TabletopTycoons,1992-09-06 03:12:33,Available
508,Wnku.YR.Wqe.PUb 2073,Exploding Kittens,7566050,PlayfulPirates,1977-08-21 23:13:06,Available
509,Zge1.RI.wpU.EPu 2021,Munchkin,5244903,PlayfulPandas,1951-11-27 23:55:08,Reserved
510,JitO.vC.lUw.ZIz 2028,Wavelength,8226784,CardGameCreators,2016-09-04 23:19:26,Available
511,OvnQ.md.P60.bVa 2031,Brass Birmingham,2865052,DiceMasters,1982-01-30 05:52:58,Available
512,Aemn.oQ.w31.ANd 2091,The Crew: The Quest for Planet Nine,1057509,DiceDuelists,2015-06-25 09:04:15,Available
513,Lqny.qQ.x3V.hFn 2083,The Isle of Cats,8963706,GameTimeTales,2005-06-07 14:29:50,Available
514,Uund.mC.uzU.POy 2038,Sheriff of Nottingham,3821202,PlayfulPonies,1969-02-22 21:29:43,Available
515,Psmw.jJ.hi2.zNv 2054,Coup,8798793,PlayfulPirates,1957-03-06 18:51:32,Available
516,Fxu9.7o.ca4.JRr 2053,Qwirkle,9202115,GameTimeTales,2006-04-09 12:05:07,Unavailable
517,Zja3.Hw.BoA.KZo 2076,Patchwork,9246978,PlayMakers,1981-03-05 11:24:11,Unavailable
518,LyjI.Ey.0EF.bS9 2055,Wingspan,0099460,TabletopTacticians,1991-01-09 05:04:19,Available
519,Tmws.Ys.sSv.lD4 2035,Sagrada,1083942,PlayfulPandas,2014-06-27 22:31:30,Available
520,Kuzt.qJ.VBj.5Di 2028,Azul: Stained Glass of Sintra,3538521,GameTimePublishers,1954-03-13 08:31:28,Reserved
521,Utiz.Pd.R93.gN2 2094,The Crew: The Quest for Planet Nine,7088272,TabletopTreasures,2023-10-05 16:49:34,Available
522,Lacp.4W.8nJ.LVb 2024,Ticket to Ride,7442274,CardGameCreators,2006-02-28 22:52:21,Available
523,PqtA.SR.6DF.3Z2 2044,Twilight Struggle,2929447,GameNightNinjas,1974-01-19 12:25:16,Available
524,EwmU.oe.Pws.MBl 2079,Welcome To...,4464734,PlayfulPandas,1975-01-29 13:01:31,Reserved
525,BduO.Xk.Fza.tU1 2086,Tapestry,0179071,DiceRollingEnterprises,1976-03-16 00:56:51,Available
526,Qutp.NN.Sgj.7C1 2013,Dixit,5602983,GameTimeTales,2009-06-19 18:29:28,Reserved
527,LmpY.Mo.aAF.0Of 2085,Sagrada,2254013,GameNightNinjas,2020-01-08 21:30:36,Unavailable
528,NinI.Cj.4HA.AV6 2045,Wingspan,7582616,FunTimePublishing,2006-08-14 17:23:37,Unavailable
529,Pize.6e.Phu.3Uo 2034,Tigris & Euphrates,3354167,PuzzleMasters,1982-01-13 06:57:22,Available
530,Oyjb.mk.aW8.EC9 2089,Carcassonne,7249626,GameTimePublishers,1975-09-30 02:40:38,Available
531,CadF.BN.CQ2.BKb 2006,Patchwork,7022540,TabletopTacticians,1986-04-23 09:16:57,Available
532,DegR.SF.pzv.zTg 2009,Pandemic: Iberia,3735477,CardGameCrafters,2004-09-12 04:05:42,Available
533,Mma2.ID.o4R.hFi 2097,Welcome To...,6076680,TabletopTycoons,2020-09-22 21:23:26,Reserved
534,QtlU.wK.Amm.3Hp 2058,Just One,7188175,BoardGameEmporium,1957-10-28 21:36:59,Available
535,Moat.PW.6Xe.AG2 2055,Dominion,2475626,TabletopTacticians,2013-04-14 21:35:34,Available
536,Wiiv.uw.RMM.xP7 2091,Tiny Towns,2087498,DiceRollingEnterprises,1968-04-28 19:46:40,Reserved
537,Dxw5.r9.bYl.eZz 2035,Wavelength,6600252,PlayfulPublishers,1979-01-26 16:07:31,Available
538,Ifqu.ZT.LHM.nAo 2083,7 Wonders,0057008,DiceDazzlers,1965-03-11 02:47:38,Reserved
539,Elhj.2a.O9P.fFk 2040,Sequence,2148553,BoardGameBuddies,1978-10-31 18:57:25,Available
540,NguI.BM.Hq4.pPc 2085,Kingdomino,9890057,PlayfulPandas,1982-01-03 17:41:59,Reserved
541,Ewlm.tM.8iA.TFk 2005,Kingdomino,9083989,PlayMakers,1985-09-26 14:46:47,Available
542,ReoS.CS.5QI.WH1 2088,Clue,3872761,PlayfulPonies,1973-11-03 19:45:35,Available
543,Qrl9.dE.uwq.DCr 2060,The Crew: The Quest for Planet Nine,0382913,PlayfulPonies,2005-08-10 19:54:38,Available
544,Rqdr.fd.y1k.bKl 2071,Sequence,3075510,CardSharkPublishing,1963-08-26 22:21:12,Available
545,FilK.MQ.Jd9.fR3 2097,Blood Rage,7573581,DiceMasters,1986-11-21 16:19:23,Reserved
546,Mhjj.ea.2Fv.kFh 2050,Sushi Go,5425041,BoardGameBonanza,2004-11-25 02:05:06,Available
547,Grcz.xx.9XJ.XV4 2040,The Resistance,6597093,BoardGameCo,1999-05-20 13:38:42,Available
548,GxbI.G7.6WR.dMy 2062,Wingspan,6477967,DiceRollers,2022-12-14 12:53:35,Available
549,FgzV.3C.VW0.pRn 2077,Agricola,8020569,CardSharkPublishing,2012-03-04 07:08:53,Available
550,PnjR.7Q.Tts.uU5 2091,Monopoly,0536154,CardGameCreators,1998-02-09 16:22:21,Available
551,Cff7.UM.Z0g.4A0 2071,Checkers,5470043,DiceRollingEnterprises,1954-02-06 21:03:18,Reserved
552,ZzbB.Op.6d1.MVj 2094,The Mind,4921844,DiceRollingEnterprises,1998-04-26 18:27:28,Available
553,Trjb.mV.wS4.yOl 2078,Pandemic: Iberia,3381999,PlayfulPenguins,1985-07-19 13:31:15,Available
554,FjtR.XN.W67.XHe 2025,Scythe,5000683,GameTimeTales,1960-09-23 08:29:38,Available
555,Dij0.Av.Nkp.oDa 2068,Ticket to Ride,1227530,DiceRollingEnterprises,1988-05-05 20:18:04,Available
556,BtsV.cZ.hPc.JFb 2047,The Resistance,1747702,DiceDuelists,2023-02-10 09:25:56,Unavailable
557,LuuZ.Dz.Oee.UIs 2075,7 Wonders,0351393,BoardGameBuddies,2016-04-17 02:48:52,Available
558,JexQ.oa.2Rt.3Fs 2009,Brass Birmingham,3010204,TabletopTrendsetters,1968-07-05 13:52:34,Available
559,Nst7.AR.WA4.WSk 2038,Keyflower,5268774,DiceRollingEnterprises,1954-10-12 22:21:08,Unavailable
560,UuqC.y8.8Dr.kAp 2025,Eldritch Horror,8830526,PlayfulPandas,2004-03-02 23:24:53,Available
561,VytO.pL.Pil.dSt 2015,Ticket to Ride,6792355,PuzzleMasters,2007-03-15 02:19:18,Available
562,BmaU.PR.Jan.rV8 2049,Arkham Horror,6181578,GameTimePublishers,1998-05-28 14:02:54,Available
563,Yglb.3D.cfS.cX4 2039,Qwirkle,3767338,DiceRollingEnterprises,1988-02-29 10:53:53,Available
564,Ltb7.iN.dFQ.pIt 2020,Terra Mystica,1584331,DiceRollingEnterprises,1952-02-27 05:12:36,Available
565,Gokm.cT.dfX.dKm 2098,Sheriff of Nottingham,9616425,BoardGameBrigade,1978-04-20 03:49:27,Available
566,FbvI.hx.EmM.YZc 2054,Codenames,3447757,CardGameGurus,1993-05-28 06:24:40,Available
567,OodX.MY.XXr.aRl 2057,Agricola,3161544,FunTimePublishing,2018-02-03 12:19:29,Available
568,Ujk1.Jc.rmF.ULp 2055,Wits & Wagers,4287674,GameTimeTales,2021-05-26 13:32:10,Reserved
569,Mff3.hd.igl.zOs 2022,Ticket to Ride,3602934,GameTimePublishers,2002-02-23 17:48:24,Available
570,HtoN.YY.yRG.4P2 2012,Orleans,1653104,BoardGameBuddies,2019-04-10 23:57:55,Reserved
571,TpvZ.Rd.qES.bMz 2056,Sushi Go,4886794,CardGameGurus,1983-01-13 17:48:50,Available
572,Fkj5.tE.Pi7.xHp 2007,King of Tokyo,6765743,DiceDuelists,1973-04-02 14:59:53,Available
573,NbdP.3T.c6F.ARq 2098,Kingdomino,5588469,CardGameGurus,1965-05-04 17:30:59,Available
574,Gcaz.RZ.CbS.3Qp 2050,Twilight Struggle,3810525,BoardGameBuddies,1979-11-18 06:16:18,Available
575,Lpfw.UH.vwh.DNr 2075,Rummikub,5306146,CardGameCreators,2002-02-22 09:02:03,Available
576,Ymq9.qJ.LZ0.uOr 2077,Welcome To...,9320117,DiceDuelists,1987-02-03 22:46:28,Available
577,Qrip.go.DMx.0Xu 2065,Great Western Trail,8782846,DiceDazzlers,1992-12-28 17:36:30,Available
578,BtyC.bN.mHQ.4Js 2097,Betrayal at House on the Hill,7486170,PlayfulPonies,1986-07-30 16:45:15,Available
579,Urck.eJ.COb.0Da 2010,The Crew,8802356,TabletopTacticians,2022-06-05 09:27:25,Reserved
580,JjmM.CD.DqA.ERl 2025,Eldritch Horror,3445237,PlayMakers,2021-06-16 06:08:24,Available
581,Qzz3.mj.UTo.RJg 2063,Clue,3143347,TabletopTrendsetters,1993-11-15 02:30:52,Available
582,DsyS.Ru.kP3.1H7 2036,Just One,5966001,GameTimeTales,1977-05-17 03:52:39,Available
583,HklV.gl.g4Q.4Sf 2039,Everdell,7309535,TabletopTycoons,1986-06-07 23:29:32,Available
584,LbhB.FK.ZmB.UT9 2071,Pandemic,8467331,BoardGameBonanza,2018-04-19 21:03:05,Available
585,QmqQ.p5.DFC.ID5 2037,Wits & Wagers,4139814,TabletopTycoons,1955-04-04 02:00:30,Available
586,Ttah.FE.yVO.NSn 2052,Onitama,3465976,BoardGameBrigade,1972-03-20 17:48:40,Unavailable
587,Ple8.Nu.Bc7.rK1 2098,Tiny Towns,1538373,PlayfulPirates,2010-05-12 03:04:15,Available
588,OhwW.Bi.LBe.uRj 2026,Keyflower,5745143,BoardGameBlast,2006-06-23 14:58:18,Available
589,ScvX.PJ.LJK.hYn 2015,Splendor,8046181,CardSharkPublishing,2012-01-23 13:51:24,Available
590,Lck1.Cp.ENM.MYh 2019,Welcome To...,4328823,TabletopTycoons,1966-06-30 08:55:53,Available
591,QusV.jp.8oi.iW2 2042,Gloomhaven,5176123,TabletopTrendsetters,1967-04-29 02:11:02,Available
592,Cfs2.hW.KDO.2U2 2077,Sushi Go,4474406,BoardGameBonanza,2012-11-13 06:12:37,Available
593,Wvcu.Uv.Owe.HXh 2007,Tigris & Euphrates,0259244,TabletopTrendsetters,1987-12-11 12:09:44,Available
594,Ddln.zl.GHL.BDw 2090,Sushi Go,9266750,PlayfulPublishers,2021-02-22 11:00:04,Available
595,Hib5.2J.qkq.JXq 2099,Santorini,0410392,GameCrafters,1965-01-04 04:38:39,Available
596,Mej7.9v.ZaJ.qK5 2072,Viticulture,4913804,TabletopCreators,2002-03-13 15:19:05,Available
597,Rthi.VM.9wx.lN9 2089,Pandemic,4771415,BoardGameBonanza,2014-02-14 14:53:48,Reserved
598,GvhU.rp.332.gAj 2098,7 Wonders,2136843,DiceDuelists,1966-12-04 17:23:05,Available
599,KmsU.8q.mwl.EFz 2024,Dominion,6282038,DiceDuelists,2014-05-29 15:17:19,Available
600,IkyB.3m.UHF.JRg 2095,Azul,2201331,CardGameCreators,2003-04-11 07:08:36,Unavailable
601,Rynn.Yh.YLb.RD5 2005,The Crew,2125151,CardSharkPublishing,2006-09-29 03:08:48,Available
602,Vnjd.wl.tqS.CF4 2058,Quacks of Quedlinburg,2019929,GameNightNinjas,1972-04-18 14:52:57,Available
603,NobX.iL.u9Z.DL8 2055,Forbidden Island,4015342,DiceDuelists,1982-02-03 07:02:17,Available
604,YksA.Wb.atm.LIi 2081,Twilight Struggle,5139457,GameTimePublishers,1957-09-24 17:06:14,Reserved
605,Jiax.ZJ.X5p.EV9 2035,Checkers,2918622,GameNightNinjas,1963-10-08 13:47:00,Available
606,Ssgh.uM.7hz.rD1 2086,Santorini,6502310,BoardGameBuilders,1990-02-16 08:53:19,Available
607,Yjj4.ad.Ie3.SSn 2015,Sagrada,7434062,CardSharkPublishing,1970-02-11 11:24:01,Available
608,Oxyp.05.Pmc.sDm 2055,Codenames,8569871,PlayfulPirates,1974-02-22 00:26:27,Available
609,ZttG.ZP.JE1.jEb 2052,Onitama,5859244,DiceMasters,1990-09-28 11:19:27,Available
610,Hpk7.hr.hnc.DXd 2066,Settlers of Catan,3410878,BoardGameBonanza,1968-08-29 17:31:40,Available
611,QcgT.0V.6sh.3Ok 2053,Twister,9740676,GameNightNinjas,1990-01-13 12:18:45,Unavailable
612,Hli9.hM.7B4.7Yn 2030,Rummikub,4976102,DiceThrowers,1960-02-19 12:06:26,Available
613,LzmR.i2.xqm.vMs 2007,Agricola,9850138,GameNightNinjas,1968-01-02 10:45:27,Available
614,KliA.NY.WgS.DZx 2063,Yahtzee,4386299,PlayfulPublishers,1953-06-27 16:42:08,Reserved
615,EqgZ.tM.G12.AP8 2086,Exploding Kittens,3604389,DiceMasters,1980-03-16 10:02:11,Available
616,Inbl.EQ.Rce.JGv 2016,Kingdomino,4063456,DiceRollers,2022-12-03 07:35:02,Reserved
617,Bbor.2G.yjg.BIs 2059,Wingspan,9512419,GameNightGurus,1977-01-10 16:05:41,Reserved
618,Slm4.x2.SMs.cK0 2052,Splendor,1294367,PlayfulPonies,2021-06-25 01:55:07,Available
619,Qmmf.k3.2K7.AQn 2035,Sequence,8196905,DiceDuelists,1985-11-28 15:40:06,Available
620,Zapz.YB.a9n.cYi 2015,The Quacks of Quedlinburg,3782112,CardGameCrafters,2019-09-22 18:19:15,Reserved
621,Zjta.Wx.Vk3.5Yb 2052,Through the Ages,1032477,DiceRollingEnterprises,1954-04-12 15:54:18,Unavailable
622,Uobt.QL.829.YMg 2098,Power Grid,1394170,DiceMasters,1952-11-17 08:19:29,Available
623,NbgT.Vh.tij.nXw 2033,Monopoly,3844303,PlayfulPandas,1980-03-12 00:17:46,Unavailable
624,ZopJ.Ss.j9a.rH3 2075,Clank!,0441750,DiceThrowers,2023-10-17 10:28:55,Available
625,JnmI.AV.Zwz.KE4 2011,Love Letter,1271900,DiceDazzlers,1999-04-10 15:42:34,Available
626,Dkv9.z7.hjk.NNy 2096,Monopoly,9961090,BoardGameBrigade,1986-05-29 10:01:39,Available
627,OhzZ.Im.qNI.KVj 2013,Terra Mystica,7388676,PlayfulPonies,1971-08-20 08:31:01,Available
628,AkwQ.6P.z1M.tAo 2067,Sagrada,6703239,DiceDazzlers,2009-06-03 20:08:13,Unavailable
629,Zeq4.XN.FYd.UCf 2058,Power Grid,1974865,CardGameGurus,1964-01-05 17:17:09,Available
630,Aln3.CR.9v9.bHg 2064,Tiny Towns,1838904,BoardGameBuddies,1987-11-05 04:42:23,Available
631,Ugg2.8H.VOV.aWw 2056,Agricola,4137833,PlayfulPublishers,2014-01-21 03:56:49,Available
632,Ocgh.od.Dxa.APm 2029,Sheriff of Nottingham,6491933,TabletopTales,2005-05-29 00:15:33,Available
633,RnuS.zS.9WU.YG5 2073,Risk,3231546,CardGameCrafters,1991-02-12 13:39:56,Available
634,Ehx0.Gk.nTB.jUb 2085,Exploding Kittens,6395028,CardGameGurus,2013-01-14 21:09:34,Available
635,KgzA.VJ.uQG.rQ6 2064,Codenames,8297119,DiceDazzlers,2000-05-23 14:08:50,Available
636,TytS.av.Zs1.cIb 2094,Azul,8245864,CardGameGurus,2012-02-21 10:27:34,Available
637,Acq3.fn.0hP.wYu 2048,Power Grid,7716920,GameTimePublishers,1954-09-17 01:27:34,Available
638,Jzoh.rW.Xf5.nZh 2070,Santorini,6089261,CardSharkPublishing,1980-07-08 14:55:14,Unavailable
639,Lbf2.nv.e5N.KTc 2089,Through the Ages,8865547,PlayfulPirates,2012-06-23 07:51:17,Available
640,HcyM.J4.qkF.ZZk 2088,Codenames Duet,0589815,CardSharkPublishing,1968-05-22 22:42:03,Available
641,Lzra.Bu.U6S.WPu 2037,Qwirkle,6040634,CardSharkPublishing,1961-11-16 19:09:41,Available
642,HemF.fU.ruw.iMm 2073,Coup,4838534,PlayMakers,2005-02-03 00:34:17,Reserved
643,Hru5.A2.uBE.qCy 2001,Azul,1939989,BoardGameEmporium,1982-08-21 04:46:52,Reserved
644,BucH.FY.rUS.gGy 2072,Keyflower,7583820,DiceRollingEnterprises,1994-04-30 19:49:37,Unavailable
645,FjuN.fQ.Xsp.TTr 2057,Yahtzee,9818960,BoardGameCo,1981-11-23 14:43:14,Available
646,Fxns.1m.ekS.AWa 2048,Dominion,9528830,BoardGameBrigade,2004-05-27 17:05:13,Available
647,Vmxn.0j.KHw.rCb 2098,Clank!,5984589,DiceDazzlers,2007-04-17 00:44:43,Available
648,RokD.5f.Ux8.vJ2 2068,Clue,6060094,TabletopTycoons,1967-07-03 14:30:22,Available
649,MurQ.MZ.gGp.bQt 2036,Pictionary,3438518,BoardGameBuddies,2015-04-21 11:01:39,Available
650,DpdJ.cE.FKD.fQi 2031,Century: Spice Road,4453557,BoardGameBrigade,2008-02-01 13:56:44,Available
651,Kjfc.Hc.Kv9.vJ8 2059,Sheriff of Nottingham,8166927,DiceRollingEnterprises,1998-06-20 11:36:36,Available
652,Cij8.CA.bQH.uLl 2079,The Castles of Burgundy,6122001,BoardGameBlast,1957-07-15 07:05:57,Unavailable
653,MjiK.QY.UMG.TH7 2045,Blood Rage,4630988,PlayfulPandas,1979-03-27 23:52:48,Unavailable
654,PnjX.xy.0CH.rZk 2038,Viticulture,9329637,BoardGameCo,1975-11-15 07:52:06,Reserved
655,Kfx9.Fg.r45.sI6 2096,Power Grid,6522416,GameNightGurus,2018-09-23 22:05:46,Available
656,WslW.Nw.lMg.5Qr 2004,Sushi Go,6342449,BoardGameBrigade,2004-11-05 05:49:39,Available
657,ZzdR.8H.QCu.lVy 2084,Splendor,1154279,TabletopCreators,1986-11-17 09:23:38,Available
658,Pbb0.OK.gpl.XJs 2054,Quacks of Quedlinburg,5953923,PlayfulPonies,2006-05-23 01:41:21,Reserved
659,Yhwv.3r.HNv.zJn 2065,Everdell,7640572,BoardGameBonanza,2023-11-01 10:20:50,Available
660,Bxz7.72.OZD.qHk 2080,Gloomhaven,0420574,TabletopCreators,1997-06-11 02:41:04,Available
661,NmeG.ya.Cqp.KE6 2020,Gloomhaven,5286066,DiceMasters,1954-11-10 16:20:30,Available
662,Zfx4.Dm.xkJ.CTo 2096,Yahtzee,1483350,GameTimeTales,1981-11-13 05:42:53,Available
663,QmkG.Bm.NGy.1Ri 2018,Santorini,0345253,GameTimePublishers,2012-06-15 19:11:32,Available
664,BxoX.yB.FE3.2T2 2026,Arkham Horror,3358063,BoardGameBonanza,2004-03-24 06:20:43,Reserved
665,GnrI.5Y.Vwm.fIw 2081,Patchwork,1842196,DiceRollers,1956-11-16 00:55:58,Available
666,Tmu4.zE.MtK.aWq 2016,The Crew,2329279,CardSharkPublishing,2018-04-07 19:09:49,Available
667,YzbT.7Z.gOE.HQb 2056,Betrayal at House on the Hill,0958866,BoardGameCo,1983-02-02 06:18:56,Available
668,Gmha.WQ.XA1.AWc 2015,Cartographers,1912377,DiceRollingEnterprises,1991-09-23 14:08:48,Available
669,TdqK.Cp.rXm.tRm 2037,The Isle of Cats,5977015,DiceDuelists,2009-11-16 01:41:52,Reserved
670,Obiw.T3.LFa.YOo 2064,Wavelength,0892582,DiceRollingEnterprises,2010-07-07 10:07:34,Available
671,Fkwf.PS.VuF.tQ8 2058,Forbidden Island,3678431,TabletopTreasures,1960-12-31 14:53:16,Available
672,Bsps.iy.fWt.tH6 2091,Sorry,0096359,TabletopTacticians,1980-11-02 16:52:26,Available
673,Oxo1.75.Oj7.AAi 2078,Ticket to Ride,2085450,TabletopTreasures,1975-04-14 10:45:51,Available
674,Lqg6.FF.jfL.5Uo 2081,Brass Birmingham,4429172,DiceRollingEnterprises,1971-07-18 17:23:27,Available
675,Yrhm.BC.I0B.WS8 2052,Dead of Winter,0468498,BoardGameCo,2009-08-07 21:29:43,Available
676,IujH.Qx.FMW.4Ya 2026,Tiny Towns,7940183,CardGameCreators,1966-07-07 14:40:00,Available
677,HoyE.FA.U25.sKw 2009,Carcassonne,2728919,BoardGameBuddies,1987-07-20 23:34:04,Available
678,Lbnx.4q.sF4.4K6 2082,Dixit,8848864,PlayfulPonies,2006-07-02 01:03:04,Available
679,GpgA.kg.sX8.mRp 2068,Agricola,0312353,GameNightNerds,2006-09-13 13:31:28,Available
680,XidV.Te.nVk.9Gu 2099,Viticulture,4269757,TabletopTrendsetters,1962-08-14 22:10:02,Available
681,Qswd.RX.xS7.ZQr 2015,Sorry,5992677,TabletopTycoons,1967-05-02 02:10:58,Available
682,Tfhm.VY.5qV.TLv 2087,Viticulture,7055338,TabletopTreasures,2011-07-03 12:33:07,Available
683,Ddty.Kw.QWl.FV7 2085,Eldritch Horror,9842734,PlayfulPirates,1967-03-23 05:58:31,Available
684,Loht.km.8Gz.ETv 2031,Settlers of Catan,8752678,BoardGameBrigade,2014-03-07 18:20:00,Available
685,FuqV.eQ.IWn.VR9 2043,Uno,3303787,DiceMasters,1962-02-14 23:17:22,Available
686,Xizw.0r.e9H.oAg 2067,Sushi Go,9258505,PlayfulPirates,1986-08-14 05:07:23,Available
687,Rov6.Ya.QlO.fOt 2037,Splendor,4261137,CardSharkPublishing,1971-09-05 22:27:20,Available
688,Pmf1.mR.J4T.qD0 2018,Patchwork,1951240,BoardGameCo,1984-10-28 13:21:09,Available
689,Twfv.hR.S4d.PH8 2077,Tigris & Euphrates,1113296,DiceDazzlers,2006-03-24 08:02:23,Available
690,Aaq6.9T.IWl.TMu 2061,Munchkin,0318338,CardGameGurus,2001-05-01 07:48:40,Available
691,Phfp.1E.byq.zS2 2090,Terra Mystica,7574465,TabletopTrendsetters,1993-10-08 05:14:53,Reserved
692,Geft.We.uRL.xHc 2028,Cartographers,8840042,GameNightNinjas,1975-03-29 18:42:34,Reserved
693,MagC.uz.rko.DXe 2074,Wits & Wagers,2182730,CardSharkPublishing,1961-01-26 20:13:55,Available
694,EkfS.rz.ABl.DHy 2024,Everdell,6626358,DiceMasters,1981-12-22 05:14:24,Unavailable
695,Xxbv.xf.3MU.lIl 2004,Spirit Island,5326680,CardGameGurus,2006-04-22 21:40:33,Available
696,EawB.Vb.qUg.9J1 2059,The Castles of Burgundy,2428404,DiceRollingEnterprises,1976-05-14 22:03:17,Available
697,JitS.XC.cfk.qFo 2002,Love Letter,9016184,GameNightNerds,2000-09-24 07:41:51,Available
698,Dzao.Hg.kub.sLa 2051,Tapestry,9003828,GameTimeTales,1995-07-22 15:46:03,Unavailable
699,Fylc.YQ.SG1.IAw 2034,Viticulture,8608086,CardGameCreators,1988-04-23 15:03:28,Reserved
700,NmaV.AC.ayU.CJc 2007,Century: Spice Road,6674541,BoardGameBonanza,1954-03-30 03:57:45,Reserved
701,Gyac.3S.XLE.WJb 2002,Splendor,7715353,GameTimeTales,2008-02-24 04:19:43,Available
702,Gsmw.dW.Dc0.vT6 2005,Viticulture,7660380,PlayfulPirates,1973-03-30 02:38:23,Available
703,Rkwt.yu.qeS.HQ7 2076,Azul: Stained Glass of Sintra,0666239,CardSharkPublishing,2021-04-20 02:40:20,Available
704,RncE.KP.cUJ.0O8 2089,Small World,6259504,BoardGameEmporium,1976-03-29 13:11:53,Available
705,Gzzo.yG.gy7.IAc 2011,Blood Rage,8197025,GameTimeTales,1970-09-18 05:09:23,Available
706,Qhmx.E8.PUz.aEr 2009,Yahtzee,3508817,CardGameGurus,2017-04-22 12:43:06,Available
707,WksN.Fu.h4v.qD2 2053,Twister,8565205,CardShufflers,1999-07-26 01:21:41,Available
708,Uewr.5P.RRh.dKo 2031,Codenames Duet,5092392,DiceDuelists,2005-12-22 18:56:07,Available
709,Qgjz.Kn.M8P.MIy 2023,Yahtzee,3224787,CardSharkPublishing,2021-09-17 01:18:29,Available
710,NtnW.eB.pmz.lCt 2033,Santorini,6519259,CardSharkPublishing,2010-01-07 21:44:02,Available
711,Miki.hP.7OK.xRr 2069,Coup,9675036,CardGameGurus,1959-10-06 16:39:13,Available
712,Gbu2.3x.pWr.RLf 2026,The Crew: The Quest for Planet Nine,6289542,GameNightEnterprises,2015-06-19 09:33:06,Available
713,OgbY.Z7.LpI.UTl 2055,Keyflower,6174206,DiceDuelists,1956-09-15 04:48:16,Available
714,KvtG.RD.N2A.GIa 2087,Patchwork,2416773,PlayfulPenguins,1981-02-15 06:00:18,Available
715,Gsus.7s.nC0.GPd 2042,Dominion,6223844,BoardGameBonanza,2022-05-03 23:32:47,Available
716,Mfc6.6F.mex.BCy 2012,Pictionary,3872167,DiceThrowers,1980-07-20 22:10:10,Reserved
717,Lip9.TV.FTz.3T0 2003,Forbidden Island,8720882,DiceRollingEnterprises,2011-10-05 23:51:57,Reserved
718,Uhwz.mH.uSE.FO1 2073,Betrayal at House on the Hill,5560550,CardGameGurus,2003-01-09 09:21:12,Available
719,NicY.OK.gLp.USq 2096,Gizmos,8807471,FunTimePublishing,1983-10-05 05:56:32,Reserved
720,NznA.RN.Jyi.zWn 2090,The Isle of Cats,2548649,PlayfulPenguins,2014-03-07 10:09:52,Available
721,Bhu2.op.PzR.6Xr 2077,Jenga,7075504,PlayfulPonies,1953-08-05 08:02:15,Available
722,Njgq.sx.sxH.ICi 2044,Eldritch Horror,0326620,DiceRollingEnterprises,1967-10-04 01:01:55,Unavailable
723,GtqW.0h.9zZ.8Bz 2080,Terraforming Mars,6170307,TabletopTreasures,1990-01-17 12:07:13,Reserved
724,Zedv.oJ.nIf.DSw 2037,The Isle of Cats,5478129,BoardGameBonanza,2020-08-17 04:49:02,Available
725,WovZ.4M.5or.VU4 2092,Patchwork,3187548,DiceMasters,2021-08-02 14:48:46,Unavailable
726,MeeK.1X.F3E.iRb 2082,Dixit,5503341,DiceDuelists,1954-12-21 09:51:16,Available
727,Fufa.fC.Fvf.fBj 2016,The Crew: The Quest for Planet Nine,4285622,PlayfulPirates,1959-12-11 04:44:59,Available
728,TphK.k6.hGn.YNd 2002,Codenames Duet,4349406,TabletopTycoons,2017-04-12 21:05:11,Available
729,CdtU.QC.mLh.KQg 2043,Keyflower,1025974,GameTimeTales,2009-03-07 17:39:50,Available
730,YmyZ.BT.CIA.gEk 2030,Hanabi,4476957,PlayfulPirates,2004-03-27 22:07:16,Available
731,Dmd0.Nj.SJf.QQq 2095,The Crew: The Quest for Planet Nine,0194779,DiceDuelists,1993-07-20 02:55:18,Available
732,OcyZ.EV.vFA.iVv 2059,Risk,1921443,PlayfulPandas,1965-04-10 01:19:35,Available
733,Yce3.xs.T6S.qLe 2050,Uno,7915039,CardGameCreators,1983-02-24 15:35:36,Available
734,Vwt6.7u.aB4.pO9 2000,Keyflower,3253601,BoardGameCo,2001-11-24 17:24:42,Available
735,Owo8.L8.tZ7.MN9 2048,Tapestry,8100256,PlayfulPenguins,1950-11-04 16:18:11,Reserved
736,Bxq1.jF.pBb.PSg 2025,Keyflower,1319861,TabletopTycoons,2022-09-21 11:15:44,Available
737,Yqh5.5S.mCG.qR2 2043,Love Letter,7592367,TabletopTycoons,1957-11-11 01:41:34,Reserved
738,Qqve.QR.wdb.oKh 2067,Welcome To...,8767984,BoardGameBonanza,1970-06-07 13:13:48,Available
739,Rciw.6v.UQC.gWj 2046,Scrabble,1053805,BoardGameBlast,1963-07-31 19:47:46,Available
740,RrbA.0d.mVi.QFc 2069,Rummikub,1084736,PlayfulPonies,2003-04-03 12:21:21,Available
741,TnjW.tB.50t.pI1 2037,Viticulture,9924440,TabletopTreasures,1983-08-23 11:16:15,Available
742,EirC.ys.AUc.XL9 2036,Betrayal at House on the Hill,6873980,DiceRollingEnterprises,1950-10-17 17:25:16,Reserved
743,PgqH.6A.kc9.lBl 2087,Codenames,1255584,BoardGameBonanza,1960-06-17 05:25:59,Reserved
744,Exd6.lp.z7i.cJa 2025,The Crew: The Quest for Planet Nine,6683140,CardGameGurus,1968-02-27 00:07:34,Available
745,LkxP.Px.78H.LRi 2070,Arkham Horror,7294791,BoardGameBrigade,2009-08-24 20:27:17,Available
746,UkgI.LG.7xp.sB1 2042,Dead of Winter,5602650,PlayfulPenguins,1951-08-27 12:01:33,Unavailable
747,WsxL.Vl.ucq.5Tn 2089,Munchkin,7486337,CardShufflers,2001-09-12 13:14:31,Available
748,Clga.wQ.ep9.9Zk 2090,Brass Birmingham,7576438,BoardGameBlast,2005-11-22 14:27:24,Available
749,NflV.Jf.wwf.SUu 2039,Betrayal at House on the Hill,2670077,TabletopTrendsetters,2010-10-31 14:20:00,Available
750,PcwM.zM.Qml.qSr 2094,Pandemic,5995769,GameTimeTales,1980-04-01 02:15:05,Available
751,CkmX.73.yc6.sJd 2066,Gloomhaven,6709432,BoardGameCo,1968-08-31 11:40:56,Unavailable
752,Mrsn.ue.GY0.FP3 2063,Sushi Go,6202383,PlayfulPirates,1968-06-13 19:38:34,Available
753,Vymk.z3.VPx.RFw 2018,Scrabble,6634844,DiceMasters,1961-07-26 18:27:04,Available
754,Rsfj.6l.5wK.vY7 2021,Wingspan,2385015,GameCrafters,1997-04-08 01:49:10,Reserved
755,Sflc.vS.iWf.OBi 2032,Keyflower,5815819,TabletopTrendsetters,1969-03-27 19:01:47,Available
756,DqmG.xc.mZN.2Nn 2090,Dominion,9418236,RollingDiceGames,2014-03-10 19:01:24,Reserved
757,OruR.ZD.3Sf.pD5 2069,Cartographers,9700655,GameTimeTales,1981-02-23 17:40:29,Available
758,Jnli.9p.WZV.LHr 2060,Eldritch Horror,9190987,GameNightNinjas,2010-05-26 09:49:04,Available
759,Wza6.YD.cAa.BGu 2091,Risk,8924799,TabletopCreators,2022-11-28 18:57:15,Available
760,Bbxd.jl.Swm.nZc 2072,7 Wonders,9149729,CardGameCreators,1984-06-03 14:56:17,Reserved
761,LelL.ae.Bl5.SM6 2094,Blood Rage,9715180,GameNightNerds,1972-10-14 23:55:17,Available
762,AydH.sQ.BSS.iFl 2003,Arkham Horror,0595496,PlayfulPonies,2008-07-25 06:51:43,Available
763,PvaJ.nC.SwC.WVs 2073,Ticket to Ride,5494231,RollingDiceGames,1997-10-01 20:22:41,Available
764,OtlY.SO.JYC.HO7 2019,Sushi Go,4631465,DiceRollingEnterprises,2005-01-11 07:51:24,Available
765,Qget.TP.W5v.LVe 2085,Carcassonne,0386054,TabletopTacticians,1974-01-30 14:35:43,Unavailable
766,Zipg.mK.w9p.fMu 2090,Tigris & Euphrates,9295681,BoardGameBlast,2016-10-28 14:13:32,Unavailable
767,Fbtw.0E.sL3.TOd 2084,Cartographers,9412445,StrategyGamesInc,2014-06-26 08:44:42,Reserved
768,Gsn3.TX.Lp0.YUx 2006,Connect Four,4365356,TabletopTreasures,2003-08-11 01:47:12,Available
769,Ovm0.jK.AwW.ZC7 2049,Battleship,5740162,CardGameGurus,2010-03-18 22:51:52,Unavailable
770,Qhc3.KB.kWc.4Ut 2043,Azul,4498201,GameNightEnterprises,1955-04-09 02:07:25,Reserved
771,Phtz.uN.mx3.TDs 2010,Orleans,1517060,PlayfulPandas,1982-04-01 22:03:38,Available
772,Ybxk.cN.loa.JIi 2046,Rummikub,9525152,GameNightNerds,1963-01-24 03:59:47,Available
773,Icx9.MS.6mV.lZ9 2017,Sorry,9865633,BoardGameBrigade,1952-09-03 19:02:20,Available
774,Lsbd.UV.yda.rSp 2072,Azul,2954962,BoardGameEmporium,2010-11-11 01:58:37,Unavailable
775,Rqsc.si.lAs.TXk 2019,Terra Mystica,8212120,CardGameCreators,1986-04-11 18:35:10,Reserved
776,GvyK.kP.Vbc.xMf 2040,Santorini,0115603,DiceMasters,1956-05-24 04:01:18,Available
777,Xmf9.o2.Aju.qSl 2000,Gloomhaven,4977701,PlayfulPandas,2023-10-24 06:04:14,Available
778,BdyK.ir.Pxi.0Hv 2073,Root,1089968,GameNightEnterprises,1965-04-17 04:32:21,Available
779,XhjO.qJ.LDI.pFu 2026,Tzolk'in,3244017,CardSharkPublishing,1984-06-15 08:53:54,Available
780,NstY.Ss.7iF.MQe 2085,Wingspan,7452197,BoardGameBonanza,2003-06-02 17:27:50,Available
781,Zszl.mF.Sww.HLf 2047,Love Letter,4163093,GameTimeTales,1987-03-11 03:04:15,Available
782,YweI.B3.h44.mV6 2085,Clue,3605068,CardGameGurus,2006-11-21 21:52:10,Reserved
783,Fmhc.s9.2Nt.8Qi 2098,Dominion,2385367,CardGameGurus,2020-07-21 21:02:57,Available
784,Damg.9Z.pb7.GSg 2055,Brass Birmingham,9800744,DiceRollingEnterprises,2002-04-18 05:09:45,Available
785,OpaU.CI.oZw.yUv 2041,Santorini,3209538,PlayfulPirates,1981-05-21 18:19:48,Available
786,Aykg.LN.QKM.RYr 2064,Risk,1654775,DiceDazzlers,1972-03-17 17:00:38,Unavailable
787,Mswq.Q0.b4t.XY4 2047,Pandemic Legacy,9420616,BoardGameBrigade,1984-04-28 06:20:17,Available
788,JpfK.Mi.39r.yOi 2096,Patchwork,4892623,CardGameCrafters,2013-08-08 09:01:46,Available
789,Qrss.AO.tZb.KH9 2069,Twister,1708685,TabletopTreasures,1972-11-01 16:46:10,Available
790,SzzJ.ME.JBv.aVh 2089,Dominion,3464301,BoardGameBuilders,1956-11-28 20:09:52,Available
791,IqwE.qh.oQd.LZa 2068,Forbidden Island,8281697,BoardGameBonanza,1975-03-03 14:44:25,Available
792,Uay4.OU.Mo6.nFt 2080,Sorry,7324172,CardGameGurus,1989-07-21 16:40:00,Available
793,Lbud.WF.UnI.DSi 2028,Settlers of Catan,3110179,PlayfulPonies,1977-01-19 20:42:29,Reserved
794,ZimW.yx.phy.OYi 2025,Spirit Island,7187138,PlayfulPenguins,1963-05-13 11:09:10,Available
795,Kne3.UU.tDj.aFc 2014,Tiny Towns,2343929,GameNightNerds,2012-05-05 06:50:17,Available
796,XlhZ.Nl.Hpz.lYi 2046,Eldritch Horror,6230517,GameNightEnterprises,2022-08-15 23:51:35,Available
797,GnwT.NB.Rou.QLu 2096,Hanabi,0707880,PuzzleMasters,1968-02-28 06:54:02,Available
798,HzpY.Bk.7kB.NK4 2069,Wingspan,0666504,BoardGameBonanza,2002-07-08 06:42:17,Available
799,Lzo9.hL.EXX.3Gh 2032,The Crew,9131821,DiceDuelists,1973-02-25 16:19:28,Available
800,Aolx.XQ.Rop.wE1 2035,Just One,2133823,BoardGameBuddies,1966-03-09 09:07:48,Available
801,Owb1.ws.dch.xRf 2004,Azul,3339398,DiceMasters,1991-08-09 18:14:31,Available
802,Vhlb.R4.BP0.5Ho 2017,Checkers,0926991,TabletopTreasures,1975-09-24 10:12:44,Available
803,JnnP.oT.0oQ.QIb 2072,Forbidden Island,7985097,BoardGameBrigade,2014-03-12 23:01:41,Unavailable
804,Wkv2.tC.8C8.OZm 2002,Kingdomino,5902800,CardGameCreators,1976-01-18 06:21:14,Available
805,Hmu4.Fk.WME.QGh 2085,Welcome To...,8104486,GameNightGurus,2019-06-26 16:39:55,Unavailable
806,ModL.Im.wrv.JHu 2019,Terra Mystica,6980731,TabletopTrendsetters,2018-05-23 18:14:52,Available
807,Pte3.f8.Yuk.ZPl 2016,Wits & Wagers,0437714,BoardGameBrigade,1992-12-12 21:32:02,Available
808,Ugtm.VJ.dGv.gFw 2056,Gloomhaven,0910826,TabletopTacticians,1976-06-27 19:40:27,Available
809,VimS.to.Os6.FE1 2033,Tzolk'in,1074545,CardGameCreators,1999-10-14 01:00:47,Available
810,KfmW.sp.FTu.4Jd 2057,Santorini,6075557,StrategyGamesInc,1985-09-01 08:28:24,Available
811,GtvO.88.BOS.hBz 2075,The Crew,3568250,PuzzleMasters,1996-11-07 00:24:48,Available
812,TmyR.Va.is3.6Vh 2059,Kingdomino,7921108,FunTimePublishing,1957-02-14 10:50:05,Available
813,Shzz.ev.M3O.FOt 2053,Wavelength,2044385,PlayfulPenguins,1976-07-08 20:56:36,Available
814,Mgbi.Oo.C8f.XN9 2007,Dominion,0630070,CardGameGurus,1969-07-07 12:08:06,Available
815,GiiJ.yI.yNa.zSt 2005,Gizmos,9057133,TabletopTrendsetters,1968-07-05 00:01:11,Available
816,Uiyy.WF.9Dx.hBa 2088,Blood Rage,3228005,GameTimePublishers,1952-03-04 12:36:29,Reserved
817,Hlbo.FZ.RbU.qOf 2026,Gloomhaven,5877963,CardSharkPublishing,2001-10-24 18:25:59,Available
818,SwxY.8d.bwJ.2Iq 2070,Viticulture,1074860,PlayfulPirates,1995-08-07 14:50:40,Unavailable
819,Ecyu.jb.E44.gNe 2091,Orleans,4400454,DiceRollers,1957-09-15 00:56:37,Available
820,Dahk.Cq.lEu.hS1 2092,Dead of Winter,8758688,BoardGameBrigade,2005-01-19 17:16:50,Available
821,Lmnw.4t.m3o.RKd 2055,Root,2355177,RollingDiceGames,1985-11-03 22:06:45,Available
822,Geei.PR.E18.SP6 2080,Munchkin,3435034,DiceMasters,1983-07-22 14:01:42,Unavailable
823,Ual7.9i.fQz.DHs 2021,Yahtzee,6787084,PlayfulPandas,1994-05-10 01:12:03,Available
824,Psi3.kK.7At.qWy 2039,Wingspan,7078259,BoardGameBonanza,1951-07-31 15:49:47,Available
825,Fgey.Mq.TkZ.fY8 2041,Monopoly,4092311,CardGameCreators,2013-07-07 07:58:01,Reserved
826,GngK.Yh.HGn.NO5 2046,Orleans,8169544,BoardGameBlast,1983-04-26 09:24:42,Available
827,Fmo2.3R.wsv.aUn 2092,Santorini,4040317,GameNightNinjas,2000-11-20 23:13:53,Available
828,VwtL.r5.XhU.LRf 2035,Arkham Horror,9032915,TabletopCreators,2017-04-03 15:18:45,Available
829,Oxxn.55.vbw.zHk 2031,Exploding Kittens,6743780,FunTimePublishing,2016-10-02 13:23:19,Reserved
830,Bwpd.gH.tMM.GI7 2007,Dead of Winter,4183603,TabletopTycoons,1997-02-19 11:01:32,Available
831,NixT.X4.P2u.fCc 2015,Sagrada,5326661,CardShufflers,2017-10-18 16:48:44,Available
832,Xsza.zJ.TuG.QW7 2042,The Crew,9001367,CardGameCreators,1953-04-23 10:57:08,Reserved
833,Nxds.Zc.vqD.HCn 2013,Orleans,0560205,GameTimePublishers,1967-07-22 20:49:49,Available
834,Paa0.Wa.HAB.8Oe 2044,Dominion,7802593,TabletopTycoons,1971-06-16 07:09:21,Available
835,DztR.Zn.jti.gIf 2056,Gloomhaven,3357417,BoardGameBonanza,1965-05-03 06:08:50,Available
836,EujA.UX.bfI.iJs 2032,Wavelength,9219868,DiceDuelists,2010-01-01 21:15:49,Reserved
837,VljN.rL.110.EAc 2042,Dominion,9042563,GameTimeTales,1954-07-01 02:39:57,Available
838,KiiQ.e8.9a0.ACa 2065,Dead of Winter,3213029,GameNightEnterprises,1964-05-31 12:29:02,Reserved
839,Xltt.GM.tAS.HSx 2049,Catan,3183007,CardShufflers,1993-01-14 03:46:01,Available
840,Npxo.0g.m07.vWi 2088,The Mind,5346999,CardGameGurus,2022-01-04 13:28:18,Available
841,QfcQ.Jr.5oa.2Sp 2028,Pandemic: Iberia,8139410,BoardGameBrigade,1998-09-06 05:24:16,Unavailable
842,Ihs5.Or.b3N.qUx 2071,Patchwork,7732814,BoardGameBonanza,1977-09-04 14:51:54,Available
843,Tuv4.la.b3C.KZv 2017,Wingspan,7781900,CardGameGurus,2010-03-16 14:16:58,Available
844,HfoM.80.l1B.KWz 2027,Sagrada,0653081,CardGameGurus,1954-02-10 10:30:08,Available
845,XwjM.Ef.93R.7Ia 2077,Terra Mystica,7358912,PlayfulPandas,1976-06-23 16:10:38,Available
846,Tuuk.i0.7Hr.qSv 2081,Tzolk'in,4461600,BoardGameBuilders,2012-06-27 22:56:58,Available
847,WabK.O2.wAd.qHz 2046,The Crew,2581353,BoardGameEmporium,1985-11-07 09:22:15,Available
848,PyzV.l1.H6B.3Zm 2003,Yahtzee,3743805,DiceDuelists,1952-10-22 20:07:11,Available
849,Dekl.Kc.sqA.RQr 2090,Clue,9376191,PlayfulPandas,1958-12-17 06:35:31,Reserved
850,Gewo.06.Vlb.BE5 2089,Rummikub,0942559,DiceDuelists,1962-08-23 19:32:21,Available
851,Uzok.SK.sdE.ZJ7 2072,Exploding Kittens,3770987,PlayfulPonies,2018-11-09 01:53:17,Available
852,GzvJ.MB.qhH.NKe 2037,Wingspan,1292639,GameTimePublishers,1994-06-08 00:13:36,Unavailable
853,Epzi.Wd.3zD.0Ky 2016,Qwirkle,2751700,PlayfulPenguins,2013-09-17 08:09:55,Available
854,OpbT.Fq.XXN.UB8 2065,Keyflower,7503205,BoardGameBuilders,1992-02-02 08:39:35,Available
855,EakC.93.yQL.0Up 2074,Codenames Duet,3197734,PlayMakers,2016-05-13 00:38:08,Available
856,HhlJ.iF.hvW.6Es 2070,Wingspan,4548201,PlayfulPandas,2004-10-02 14:36:51,Available
857,RcxW.YO.z7A.RIq 2065,Settlers of Catan,8598001,PlayfulPandas,1989-02-04 22:29:14,Available
858,Aahg.OR.zgO.XAi 2092,Catan,4523018,BoardGameBuilders,1986-02-01 05:24:24,Unavailable
859,Wplq.hm.8Zt.FFb 2034,Quacks of Quedlinburg,4648067,GameTimeTales,1966-07-13 15:52:17,Available
860,SsyH.7M.GDH.oQy 2047,Wingspan,5953506,PlayfulPenguins,2021-04-08 08:53:35,Available
861,Msjp.AD.SVA.JWv 2068,Dead of Winter,5596851,RollingDiceGames,1954-05-25 19:55:23,Available
862,Ugc0.vj.NcQ.YOs 2011,Terra Mystica,2440312,GameNightNinjas,1977-02-04 20:11:57,Reserved
863,Zkk6.Ri.8wP.lDx 2049,Scrabble,4200983,CardGameGurus,2011-03-18 01:11:02,Available
864,AvgH.nL.0Zp.1Rd 2074,Quacks of Quedlinburg,6389474,CardGameCreators,1966-05-04 04:44:47,Unavailable
865,Rebm.1q.39f.tM3 2043,Brass Birmingham,1612663,CardGameGurus,1958-04-17 22:52:28,Available
866,Bxbb.1C.Yrv.eP7 2021,Terraforming Mars,3189552,BoardGameBlast,2010-07-21 01:32:45,Available
867,PazO.An.43k.3Hf 2089,Pandemic,4878380,CardSharkPublishing,1975-07-27 02:29:03,Available
868,AlyN.I0.q6O.ySt 2000,Pandemic Legacy,3193744,TabletopTreasures,2014-04-06 22:49:18,Available
869,Mjoq.u4.yGJ.QVu 2023,Pandemic: Iberia,8319804,GameOnProductions,1963-06-09 15:43:09,Available
870,Kkhq.X9.bQZ.oGg 2055,Century: Spice Road,3751804,BoardGameBrigade,1958-04-17 04:06:41,Available
871,Yged.iO.nEO.5S9 2038,Pandemic,7480169,FunTimePublishing,1989-07-25 08:49:17,Available
872,Tjir.fb.X58.sI5 2036,Love Letter,6549855,BoardGameBlast,2022-06-14 18:45:48,Available
873,Smkc.L1.nIc.0Ll 2002,Wingspan,5702099,PlayfulPenguins,1973-06-20 15:33:23,Available
874,MnqP.ta.JXi.HGr 2095,Chess,7599104,BoardGameBuilders,1980-10-03 20:38:19,Available
875,Rsqy.p1.ELg.yVq 2095,Wits & Wagers,9938681,GameNightNerds,2000-07-12 05:41:54,Unavailable
876,Kill.XE.etC.dOa 2051,Sagrada,5370023,BoardGameBonanza,1951-08-22 00:03:52,Available
877,UqzF.Wn.q6k.cT2 2031,Welcome To...,6782174,DiceDuelists,1979-09-29 02:09:50,Available
878,SitV.Di.tdY.OOf 2001,Orleans,4549873,DiceMasters,2014-03-08 08:10:17,Available
879,Dbt0.RD.TQU.uWa 2025,Tzolk'in,5283897,CardGameCrafters,1957-02-24 03:45:13,Available
880,ForS.0J.go3.HBt 2020,Coup,9445438,GameTimeTales,1960-01-25 14:25:21,Reserved
881,Soya.lj.Tki.sXp 2095,Pandemic,3258334,PlayfulPenguins,1965-02-01 04:13:27,Available
882,Roya.jE.EA3.6R5 2003,Great Western Trail,0606421,CardShufflers,2021-06-16 18:37:44,Available
883,Yjnx.m9.MHW.kI0 2060,Pictionary,0941224,GameNightNinjas,1996-12-05 01:47:54,Available
884,Otgl.Oz.Mvv.fI4 2034,Tiny Towns,5541552,CardSharkPublishing,1987-04-09 20:10:30,Unavailable
885,Bzo5.cM.mCP.iEa 2058,Spirit Island,5913301,DiceMasters,1971-09-15 17:06:55,Available
886,KotB.49.uQy.BJp 2006,Terra Mystica,9639529,FunTimePublishing,1954-09-08 00:58:15,Available
887,Kvth.RD.qkw.3L6 2081,Viticulture,5273675,PlayfulPenguins,1997-09-11 05:58:38,Available
888,Clhz.L2.eo9.GYf 2075,Welcome To...,3803345,TabletopTacticians,1972-12-07 01:37:13,Available
889,TvzR.Ym.Iuq.vM4 2055,Battleship,3759546,DiceRollingEnterprises,1996-09-13 09:01:29,Reserved
890,Tax3.iU.w5D.fKy 2031,Dead of Winter,6223452,CardShufflers,1966-06-21 15:49:24,Available
891,Pzzu.1V.Ulk.sDn 2089,Splendor,2031021,PlayfulPonies,1954-05-21 14:26:13,Unavailable
892,Vvoj.ck.4xB.XXv 2069,Kingdomino,3734545,DiceDazzlers,1994-11-23 12:08:12,Available
893,Sth1.Mp.mzg.TRb 2014,Clank!,5169310,TabletopTreasures,2005-06-23 00:53:43,Available
894,VruR.E8.Dxl.rDf 2093,Root,4912558,GameOnProductions,1983-01-21 20:01:18,Unavailable
895,HjoS.x0.dfn.WLi 2082,Sagrada,4730531,PlayfulPenguins,1990-08-08 06:05:02,Unavailable
896,Phpt.l3.upq.SZq 2093,Sagrada,2595031,BoardGameBuddies,1998-06-06 17:28:47,Available
897,Thon.qB.ITD.3Eh 2068,Forbidden Island,7139817,GameTimePublishers,2020-12-11 13:27:31,Available
898,Vupu.zG.t0P.wGx 2082,Clank!,3989320,TabletopTacticians,1965-10-25 17:39:42,Available
899,Zcnh.yd.GbV.VMk 2045,The Resistance,6929593,TabletopTreasures,2009-10-08 20:43:34,Reserved
900,Eiyi.1u.7f5.5L8 2076,Risk,8965678,CardGameCreators,2002-06-10 03:14:16,Available
901,Ezkg.Ci.RM2.vE4 2068,Hanabi,3642207,GameTimePublishers,1959-03-28 01:58:03,Available
902,IrbF.QW.ROx.nIn 2022,Gloomhaven,3672875,TabletopTacticians,1961-08-10 07:15:01,Available
903,Hwcw.wd.cxV.4I2 2018,Sheriff of Nottingham,3273404,DiceRollers,1983-10-02 04:10:48,Available
904,Yzbj.wH.ZOF.IX5 2085,Codenames Duet,2641394,CardGameCrafters,2007-02-13 14:20:05,Unavailable
905,Xkyd.1O.lJ9.wNl 2090,Sushi Go,8425435,CardGameGurus,1997-09-05 15:47:26,Unavailable
906,Fpr0.Ye.4pq.zC5 2043,Gloomhaven,2870251,PlayMakers,1955-02-04 00:41:03,Available
907,Utv8.0k.LmH.QH2 2017,Quacks of Quedlinburg,4497630,BoardGameBrigade,1983-06-06 20:01:22,Available
908,Nbpr.ZA.z7h.wS8 2034,Sequence,5511360,StrategyGamesInc,1979-04-15 18:31:44,Available
909,Zedt.Yv.6Kz.4Sw 2074,Terra Mystica,3457424,TabletopTacticians,2002-05-29 07:47:58,Available
910,OytV.Fl.utC.7L7 2026,Clue,3457895,GameTimeTales,1984-04-18 19:57:30,Reserved
911,Wpem.b2.G5s.XI0 2069,Azul: Stained Glass of Sintra,9603118,BoardGameBuilders,1982-04-11 20:08:17,Reserved
912,QuxV.Q4.kAj.SSf 2026,Sorry,3572340,DiceRollingEnterprises,1992-07-23 04:54:36,Available
913,ZudP.c4.3ND.hYe 2055,Codenames,3654496,BoardGameBonanza,2009-07-12 02:08:38,Available
914,IwnN.QA.uw5.kIi 2024,Blood Rage,0760925,BoardGameEmporium,1955-06-17 07:25:03,Available
915,NsdR.x8.0Qr.8K4 2077,Hanabi,8628489,TabletopTycoons,1989-07-29 07:26:27,Reserved
916,Hvrv.gy.vhV.nE8 2079,Tigris & Euphrates,5216795,DiceRollingEnterprises,1971-11-23 23:48:56,Available
917,Fauz.FL.xxo.fV7 2037,Patchwork,1966610,TabletopTreasures,1986-11-20 07:02:31,Available
918,UhdX.zL.tRx.fDd 2092,Spirit Island,0899192,GameNightNinjas,1950-08-15 14:15:35,Available
919,Ajp0.Ua.HzG.eLf 2051,Pictionary,6632030,DiceDuelists,1975-03-26 01:28:00,Available
920,BpyM.Sx.Qg1.CRk 2051,Ticket to Ride,9618070,CardSharkPublishing,1961-07-04 10:06:10,Available
921,IblS.tp.dcW.fCc 2007,Twilight Struggle,3270431,BoardGameEmporium,1988-05-22 10:43:07,Available
922,Cac5.Ag.kZL.1Z3 2097,Kingdomino,1134033,TabletopTreasures,1961-09-12 09:15:17,Available
923,Jjh1.gv.xGr.fWt 2055,Pictionary,0652782,PlayfulPandas,1996-02-25 07:17:19,Unavailable
924,RjmS.v9.Kcv.0I0 2057,Splendor,4439734,PlayMakers,2011-12-17 00:07:24,Available
925,Mdju.Ur.PeI.PZp 2045,Sequence,2137897,DiceDuelists,1975-11-02 11:47:48,Available
926,Uor1.nb.y62.bS4 2001,Sheriff of Nottingham,2761078,GameNightNinjas,2019-09-10 09:17:21,Available
927,Afj7.7c.Xe9.dLv 2007,Settlers of Catan,7432923,CardShufflers,1987-03-26 19:14:25,Available
928,GyfU.67.xpd.xKl 2080,Checkers,6391885,PlayMakers,1965-07-29 10:20:26,Available
929,Vvtn.bW.joR.dWf 2026,Wingspan,3908799,TabletopTycoons,2015-11-30 21:56:20,Available
930,JhjO.Tt.Jdz.LQz 2073,Sushi Go,3037835,PlayfulPirates,2000-05-26 03:03:26,Available
931,MoyJ.ke.PUL.7J7 2007,Scrabble,1740551,BoardGameBrigade,1953-12-01 12:39:22,Reserved
932,Whrs.5e.3gK.WX3 2026,Pandemic Legacy,9683155,PlayfulPenguins,1996-03-29 17:45:01,Available
933,Mfbs.Lp.gzc.oSy 2085,Blood Rage,7023689,CardSharkPublishing,1977-05-07 18:33:56,Reserved
934,Htvp.XF.eGm.NSa 2006,Sagrada,9632367,CardGameCrafters,1986-10-06 17:16:51,Available
935,Kxdk.Kv.90J.OJu 2045,Century: Spice Road,9203630,DiceDuelists,1986-12-05 01:28:03,Available
936,VhjU.V7.LV7.RY8 2089,Gloomhaven,4913503,CardSharkPublishing,2003-07-19 18:14:25,Available
937,Fvhn.pD.s9P.NPn 2088,Terraforming Mars,1929398,CardGameCreators,2008-01-23 08:13:25,Available
938,Khq7.Bw.NBj.DDu 2052,Small World,0116022,TabletopTycoons,1972-02-15 03:00:07,Reserved
939,Xfa6.BQ.dk5.bId 2076,Kingdomino,4818975,GameOnProductions,2002-04-20 17:41:13,Available
940,VrgE.Zt.spo.aMf 2028,Codenames,0000105,GameTimePublishers,1995-11-20 14:29:20,Unavailable
941,Iemj.4Q.3Rs.lWl 2028,Tigris & Euphrates,3891211,CardGameGurus,2002-09-29 11:20:09,Unavailable
942,Bnhf.lL.oEF.KNi 2088,Viticulture,3219280,StrategyGamesInc,2014-07-24 00:04:01,Available
943,Xrc0.YC.2vU.YYn 2009,Scrabble,8390280,BoardGameBlast,1974-07-08 04:25:44,Available
944,BeiU.YX.qgy.4Nv 2004,Wits & Wagers,9693206,DiceRollingEnterprises,2005-12-05 20:49:34,Available
945,PsrW.H5.JtD.PKo 2061,Sheriff of Nottingham,9991257,TabletopTrendsetters,2020-04-11 10:12:49,Unavailable
946,OboF.2q.yer.mWm 2020,Azul,3966830,CardGameGurus,2017-03-29 06:35:32,Unavailable
947,Itki.n0.F0u.3Pd 2091,Sagrada,4553269,PlayfulPirates,2013-04-16 23:47:11,Available
948,Rvhn.fg.ZmE.nH1 2090,Wingspan,9067438,BoardGameBuddies,2005-05-19 21:11:45,Available
949,Iig1.Oc.QMC.0Ap 2000,Chess,8595048,GameCrafters,2007-10-07 10:04:47,Available
950,YnxN.5q.FDd.OIc 2042,Azul,1974746,CardGameGurus,1983-02-25 23:45:26,Reserved
951,BtqA.3z.2kd.DM0 2082,Azul: Stained Glass of Sintra,8171478,PlayfulPirates,1960-12-03 03:06:43,Reserved
952,Lyoe.uc.3Jo.lI3 2075,Wavelength,7982454,PlayfulPirates,1959-05-29 04:30:01,Available
953,Txg7.Ii.vkW.HMt 2011,Hanabi,5974937,DiceMasters,1957-04-29 01:10:56,Unavailable
954,CmdM.2y.xkw.PIo 2084,Tzolk'in,6179578,RollingDiceGames,1960-01-10 17:34:33,Available
955,Ervc.cl.QaP.6R1 2020,Blood Rage,7856330,PlayfulPandas,1967-10-05 01:09:11,Available
956,TijB.84.DnE.ITh 2021,Sagrada,0710478,DiceThrowers,1990-09-18 18:38:06,Available
957,TtoS.0h.crn.vM0 2090,Carcassonne,5944251,GameNightGurus,1974-10-22 00:59:33,Available
958,DipW.7P.qHF.vG5 2012,Codenames,4586085,BoardGameBlast,1962-05-17 16:07:21,Available
959,QmeK.Pp.gjm.JXa 2012,The Crew: The Quest for Planet Nine,0050559,GameTimePublishers,1955-01-08 23:57:38,Available
960,Yggd.8T.t8W.sDr 2034,Settlers of Catan,0960226,DiceRollingEnterprises,1977-10-21 08:48:46,Unavailable
961,BddP.k5.8qm.IV8 2023,Tzolk'in,8029303,PlayfulPandas,1991-01-29 13:55:01,Available
962,JgqK.rj.QNT.AQv 2011,Sequence,8918835,BoardGameBlast,1982-06-02 22:26:52,Available
963,BxwF.Gv.g5V.zUd 2056,Quacks of Quedlinburg,1815737,PlayfulPirates,2020-10-30 09:39:24,Available
964,SqmT.zs.NLt.kIe 2034,Terra Mystica,2274353,PlayfulPandas,2022-08-04 01:27:34,Available
965,Eaog.IZ.HSs.qKg 2058,Connect Four,6005209,TabletopTycoons,1958-12-23 23:18:09,Available
966,Lvkd.d8.NG2.BS5 2096,The Crew,5771343,CardGameGurus,2015-02-19 09:02:00,Available
967,Lmv2.KX.zXR.cA9 2046,Sagrada,2618095,GameOnProductions,2001-12-01 07:14:02,Available
968,Hpye.GT.Y23.KPo 2058,Carcassonne,3347042,DiceDuelists,2016-03-07 19:36:01,Available
969,HctZ.en.a1D.LMw 2021,7 Wonders,5155783,DiceMasters,2014-03-09 09:26:58,Available
970,Wqx2.4s.eQT.FGe 2061,Love Letter,0138281,GameTimeTales,2008-08-31 02:59:21,Available
971,Qbk6.kN.AG4.nMo 2038,Viticulture,4659659,BoardGameBonanza,2018-11-17 17:31:59,Available
972,Rau4.HI.BkA.CQ8 2032,Tzolk'in,5341134,CardSharkPublishing,2022-03-13 22:40:13,Available
973,Ohil.pN.kaR.ASp 2012,Pandemic,7787548,GameNightNerds,1978-07-07 08:26:30,Available
974,EkhV.VB.j6m.xOo 2016,Wingspan,7085226,PlayfulPonies,1957-03-29 13:25:19,Available
975,BdjR.4d.nKF.hGt 2011,Qwirkle,5750077,BoardGameEmporium,1960-10-14 15:38:59,Available
976,Ocau.19.SWf.LF9 2009,Wavelength,2485893,PlayfulPenguins,1997-10-20 00:03:33,Reserved
977,Zfen.nG.WKq.UI9 2083,Sagrada,1803218,DiceDazzlers,1964-06-23 09:01:20,Available
978,ZyiU.SB.B4s.iLe 2061,Jenga,5745882,BoardGameCo,1984-12-25 06:06:25,Available
979,Fwy8.kC.9Q9.UDn 2006,Codenames,5852687,BoardGameBonanza,1977-11-27 07:55:32,Available
980,OfgZ.Ip.aBS.7Nn 2035,Exploding Kittens,9379580,PlayfulPandas,1975-09-20 19:21:30,Available
981,Ysvn.Cj.QH6.PZl 2003,Yahtzee,5572877,PlayfulPenguins,2014-12-07 17:36:19,Available
982,KwfR.5j.mFI.WCv 2008,Settlers of Catan,0543403,TabletopTrendsetters,1996-10-25 22:32:16,Available
983,Njq3.pj.3Og.QOy 2000,Gizmos,8796576,GameTimeTales,1985-06-01 19:39:55,Unavailable
984,Qhxa.TX.nIl.5Yd 2060,Chess,6069208,TabletopTrendsetters,1953-05-08 13:31:07,Available
985,WfwX.aA.IAw.CBa 2090,Codenames Duet,6680419,CardGameCreators,1953-07-02 09:18:47,Available
986,Rbbl.9n.KlA.EB9 2032,The Isle of Cats,3720644,PlayfulPublishers,1969-01-07 01:24:17,Available
987,Pdhv.Tr.Yz5.LF5 2026,Through the Ages,9524402,TabletopTacticians,1962-11-18 04:57:31,Available
988,Qaml.UY.bpA.0Kg 2022,Century: Spice Road,7657455,GameNightNerds,1968-03-17 15:09:29,Reserved
989,CzdG.vr.PgK.IN8 2097,Through the Ages,3865604,GameNightNerds,1968-06-14 15:07:05,Available
990,Hbzg.2R.EkO.GQk 2025,Dominion,6921704,BoardGameBrigade,1997-01-17 12:55:18,Available
991,OhtC.OY.Wjb.pUh 2046,Settlers of Catan,2957351,TabletopTycoons,1955-01-08 05:55:24,Available
992,Npod.HG.n4X.sEk 2039,Terra Mystica,0312705,TabletopTrendsetters,1966-12-26 00:27:52,Available
993,GhrH.2O.OO4.TMm 2043,Keyflower,0659488,BoardGameBrigade,1985-11-07 09:10:03,Available
994,UdqU.So.rWF.TD4 2064,Jenga,3652990,GameOnProductions,1962-12-23 16:29:17,Available
995,AoxU.zL.XEV.TL0 2015,The Mind,7293709,DiceRollingEnterprises,2019-02-17 13:16:44,Available
996,Gsel.GX.IKr.QZ3 2006,Rummikub,3442224,TabletopTrendsetters,1958-12-17 21:13:26,Available
997,Jcwq.OY.cmK.kY2 2082,Patchwork,4725841,GameTimePublishers,1972-08-19 14:36:05,Available
998,DclV.l8.0MY.NMu 2074,Small World,3792401,CardShufflers,1975-05-28 20:44:13,Available
999,RfgG.8x.UzS.2Fj 2072,Viticulture,9334925,BoardGameCo,1991-03-26 13:42:51,Reserved
1000,Rebf.zF.py5.0Qk 2083,Codenames,1507395,TabletopTacticians,1981-02-01 18:40:17,Reserved
