barcode,call_num,title,accession_num,author,edition,publication_place,publisher
11111,6,Targets,52,Rana Bratt,2,Buliu,Flashspan
11112,100,"Dreamers, The",13,Michaelina Gillott,7,Herīs,Edgepulse
11113,81,3 Simoa,64,Karlan Jermey,4,Tabatinga,Skipstorm
11114,51,Boris Godunov,76,Uta Cossans,4,Paobokol,Roombo
11115,31,Father and Son (Otets i syn),91,Angelle O'Keaveny,7,Laranjeiras,Skiba
11116,88,"Happenstance (Battement d'ailes du papillon, Le)",31,Winfred Brigdale,6,Jenamas,Voolia
11117,36,"Story of Marie and Julien, The (Histoire de Marie et Julien)",41,Sashenka Beament,5,Nubma,Mudo
11118,28,Baby Boy,94,Osgood Baruch,3,Bāglung,Vipe
11119,26,"Premature Burial, The",9,Arliene Halleday,8,Kidangbang,Kamba
11120,21,Angels Crest,26,Terrell Oager,3,Biao,Dynazzy
11121,87,Waco: The Rules of Engagement,27,Shauna Selliman,2,Safi,Mydeo
11122,5,Invaders from Mars,9,Berne Looker,9,Buritizeiro,Youtags
11123,63,The Suspicious Death of a Minor,48,Rocky Treadgold,2,Peuara,Dazzlesphere
11124,42,Tenderness,6,Benjy Higbin,9,Mora,Minyx
11125,15,Grassroots,98,Delly Sporle,10,Feričanci,Feednation
11126,53,Two Lovers,97,Katine Guilford,8,Sanqiao,Fanoodle
11127,51,"Barrens, The",91,Aurora Murrigan,2,Chinú,Vitz
11128,6,Robot,20,Kendre Duhig,6,Ditang,Browseblab
11129,73,Carbon Nation,79,Abby Kobierzycki,4,Poykovskiy,Brightbean
11130,99,Oki's Movie (Ok-hui-ui yeonghwa),17,Emmery McGrirl,2,Artsvaberd,Meedoo
11131,49,Under the Bombs,6,Stevena Pinnere,8,Pashiya,Oba
11132,14,"Ugly American, The",83,Jillana Allsep,4,Huacheng,Pixonyx
11133,36,"12 Dogs of Christmas, The",32,Andris Brinded,1,Velké Meziříčí,Centizu
11134,54,Chicago Cab (a.k.a. Hellcab),29,Edgardo Gilardoni,7,Vannes,Zoonoodle
11135,38,Kill the Irishman,33,Jack Curnokk,4,Silab,Mycat
11136,80,"Dead Pool, The",34,Myrtia Twine,2,Miłosław,Jazzy
11137,43,Saw II,74,Ransell Tierny,7,Visoko,Shufflester
11138,71,The Boyfriend School,31,Iona Lavell,8,Surami,Twitterbridge
11139,47,Jane Austen in Manhattan,31,Brent Drable,1,Przyborów,Feedfish
11140,7,Reckless,52,Mame Dodge,3,Kalmar,Nlounge
11141,20,Innocence,99,Sarah Moorcroft,2,Kowale,Devshare
11142,81,Madame Butterfly,54,Lane Deniscke,1,Strum,Vitz
11143,40,Victory,95,Iorgo Rockhill,9,Chaniá,Avavee
11144,25,Serenity,68,Pierson Goadby,2,Ogurugu,Riffwire
11145,49,Bloodsuckers,7,Gabrila Gracewood,8,Kraslice,Flipstorm
11146,11,Doctor at Large,96,Herrick Rosie,8,São Luiz Gonzaga,Mybuzz
11147,9,Endangered Species,51,Aggy Peracco,10,Nouaseur,Eimbee
11148,77,Momma's Man,43,Thomasina Cay,8,Sindangsuka,Divavu
11149,3,"Dry White Season, A",33,Karlik Pont,8,Olenegorsk,Eidel
11150,18,Ice Quake ,42,Thebault Hillhouse,8,Kayakent,Rooxo
11151,60,Buddy Buddy,58,Myriam Pendle,3,Nizhniy Tagil,Flipbug
11152,57,By the Sword,19,Vernor Fasler,5,El Cacao,Oozz
11153,63,Seance on a Wet Afternoon,14,Dora Weighell,2,Karangtawar,Photobug
11154,69,Murphy's Romance,32,Kim McGoogan,7,Luleå,Jetpulse
11155,36,All the Young Men,63,Constantine Heintze,2,Flic en Flac,Twitterworks
11156,82,Fire in the Sky,61,Devora Bridgement,7,Corroios,Thoughtstorm
11157,16,"Cincinnati Kid, The",48,Kelli Ashingden,10,Ibagué,DabZ
11158,10,State Property,3,Ode Bramhall,10,Náklo,Mymm
11159,66,SLC Punk!,56,Rosetta Fleming,6,Muyinga,Bubbletube
11160,28,Born American,56,De Bloxsome,6,Sungaigerong,Meevee
11161,6,High Hopes,17,Farra Dreher,5,Huangtang,Tagopia
11162,54,American Virgin,39,Cornelius Havock,5,Velké Opatovice,Oyoyo
11163,89,Mishima: A Life in Four Chapters,18,Dina Bergin,7,Khafizan,Zava
11164,89,True Confessions,33,Amalie Baroche,7,Kosów Lacki,Jabbercube
11165,66,Apartment Zero,16,Rufe Raith,6,Houston,Eadel
11166,72,"League of Their Own, A",95,Howard Gerriet,1,Kuala Terengganu,Bubblemix
11167,28,Nobody Will Speak of Us When We're Dead (Nadie hablará de nosotras cuando hayamos muerto),65,Catlee Ludewig,9,Frederiksberg,Zoomzone
11168,29,Fingers,74,Moshe Audley,10,Leninskoye,Quinu
11169,88,The Importance of Being Earnest,92,Danila Swanne,6,Hexiangqiao,Abatz
11170,61,"Self-Made Hero, A (Un héros très discret)",57,Jesus Baudone,9,Pindi Gheb,Zoonoodle
11171,92,He Got Game,50,Edythe Broz,10,Flandes,Voolith
11172,61,"Perils of Pauline, The",22,Verile Harroway,8,Kandun,Jaxspan
11173,99,"Rocket, The (a.k.a. Maurice Richard)",37,Dahlia Anyon,8,Yaotian,Gigashots
11174,30,Love and Death on Long Island,38,Garrott Tiery,5,Illushi,Skibox
11175,37,Dark City,94,Rhys Aldwinckle,4,Daxing,Skyba
11176,84,"All This, and Heaven Too",37,Nickey Bonas,3,Muyi,Skipstorm
11177,95,Three Guys Named Mike,26,Nikolia Orgen,8,Gelan,Mita
11178,58,Stand Up and Fight,51,Catherin Cicculini,3,Mikhaylovsk,Rhyzio
11179,27,Flight of the Phoenix,43,Donny Brannan,7,Dumandesa,Divavu
11180,17,Chained Heat,3,Amery Shurlock,4,Gengcheng,Aivee
11181,87,Delicacy (La délicatesse),85,Naomi Blaza,8,Jiang’an,Buzzdog
11182,43,Sleuth,87,Leeann Dowers,8,Vyzhnytsya,Ooba
11183,98,Cord (Hide and Seek),33,Ewan Hirtz,2,Orimattila,Livetube
11184,5,Scorcher,59,Corrianne Bertot,3,Donggu,Zooxo
11185,92,Beverly Hills Chihuahua 3,69,Karisa Lamy,6,Salcedo,Aimbo
11186,4,Running from Crazy,25,Andy Arnatt,6,Jombang,Buzzdog
11187,12,Trouble Every Day,40,Urbanus Troke,8,Nanguzhuang,Kazu
11188,77,Hysteria: The Def Leppard Story,7,Konstanze Pisco,4,Quận Năm,Quaxo
11189,90,I Dream Too Much,73,Herrick MacCleod,9,Horodyshche,Voonder
11190,62,Albino Alligator,16,Barbie Utley,6,Hiji,Kimia
11191,81,Tribes,39,Cory Eddis,8,Sá,Wordware
11192,88,Harry Potter and the Order of the Phoenix,28,Mildred Cowill,1,Changyuan,Skinix
11193,76,Shaolin Temple (Shao Lin si),88,Jessa Prozescky,9,Galitsy,Blogtag
11194,96,Dark Horse,71,Donia McPeake,3,Qinggang,Oodoo
11195,54,They Bite,1,Waly Oganian,2,Bukonyo,Skipstorm
11196,47,"Fistful of Fingers, A",68,Nikola Tabord,4,Arroio Grande,Latz
11197,17,Capone,32,Cosetta McKirton,7,Brodósqui,Linkbuzz
11198,17,"Klansman, The",27,Trstram Gillogley,7,Fengjia,Katz
11199,69,Chori Chori Chupke Chupke,91,Rozanne Quillinane,10,Cadagmayan Norte,Yodel
11200,37,"12 Dogs of Christmas, The",100,Zarah Haysman,10,Vallehermoso,Gabtype
11201,46,"Love on the Run (Amour en fuite, L')",61,Shelley Bremmell,6,Yarabamba,Meedoo
11202,10,A Chinese in a Coma,42,Caprice McGoogan,2,Mkushi,Meevee
11203,88,K.G. (Karate Girl),13,Hesther Iglesias,6,Aurora,Yadel
11204,42,"Arrow, The",75,Cliff Rubinowitz,8,Sydney,Browsezoom
11205,41,"World of Suzie Wong, The",56,Barnard Shemming,7,Zhouxi,Eadel
11206,49,"Resurrected, The",94,Nikolia Stanway,10,Haoxinying,Feednation
11207,4,Gabriel Over the White House,74,Shandeigh Shurmer,8,Viedma,Jabbertype
11208,1,What Doesn't Kill You,74,Ruddie Brashier,4,Sehwān,Skyndu
11209,74,Love Jones,36,Dietrich Andreia,1,Bodø,Oyondu
11210,10,Jealousy,97,Pryce Carnew,7,Changping,Shuffletag
11211,45,"Selfish Giant, The",58,Rollins Pales,4,Beverwijk,BlogXS
11212,7,Romasanta: The Werewolf Hunt,43,Jessalyn Mayou,3,Faeanak Dua,Flipstorm
11213,90,"Day After Tomorrow, The",73,Elihu Caze,2,Malishka,Eamia
11214,84,Libel,77,Hagen Harsum,1,Vagonoremont,Ainyx
11215,35,Aelita: The Queen of Mars (Aelita),40,Parke Bampfield,10,Klina,Dynabox
11216,29,Shrek 2,55,Sara Coryndon,8,Vacha,Thoughtblab
11217,14,Snow White: A Tale of Terror,59,Sarina Jeynes,5,San Felipe Old,Skiptube
11218,38,Great Expectations,75,Lacee Stacy,2,Čortanovci,Fadeo
11219,2,Major Barbara,31,Charisse Milnthorpe,6,Wentugaole,Mydo
11220,68,Comic Book Confidential,85,Lana Thynne,9,Gaoxu,Twitterbeat
11221,74,The Questor Tapes,1,Aubrey Caswall,10,Dandian,Meevee
11222,72,Dave Attell: Captain Miserable,80,Mariellen Slate,8,Laraos,Twitterworks
11223,22,Celine: Through the Eyes of the World,71,Ermin Yakob,1,Sayḩūt,Centimia
11224,76,"Message from Akira Kurosawa: For Beautiful Movies, A (Kurosawa Akira kara no messêji: Utsukushii eiga o)",58,Annabela Ambrosi,7,Itō,Cogilith
11225,36,Homework,95,Willard Tothacot,6,Ozorków,Livetube
11226,65,Dragon Hunter,14,Lissy Le Conte,4,San Luis,Mydo
11227,68,Thousands Cheer,54,Junie Siggin,3,Madara,Camimbo
11228,39,If Looks Could Kill,39,Bernete Giaomozzo,6,Dazhigu,Meezzy
11229,78,Comrades: Almost a Love Story (Tian mi mi),98,Irene Mirando,4,Daugavpils,Eazzy
11230,9,Pepe,12,Winnie Ronchi,2,Široki Brijeg,Linktype
11231,59,"Truman Show, The",9,Saxe Clout,1,Maria,Centimia
11232,55,"Polar Express, The",47,Evelin Shelton,4,Las Tunas,Avavee
11233,89,Two Hands,64,Livy Atcherley,6,Yajiang,Ntags
11234,42,Steal a Pencil for Me,2,Brewer Nairn,6,Sandao,Tagtune
11235,48,Mary Reilly,85,Janos Flaubert,7,Parnaíba,Tagcat
11236,95,"House, The (A Casa)",79,Aloin Currell,9,Fershampenuaz,Babblestorm
11237,9,Dog Soldiers,79,Arlen Dalloway,1,Rudy,Blognation
11238,12,Hell Is Sold Out,4,Eberhard Banger,4,Kapitanivka,Quaxo
11239,21,Mujhse Shaadi Karogi,77,Chadd Weathey,8,Savonranta,Feednation
11240,48,I'll Do Anything,58,Corey Guest,3,Baliuag Nuevo,Buzzster
11241,36,My Prairie Home,1,Warren Pena,10,Neepawa,Eadel
11242,90,"New Rulers of the World, The",79,Antoinette Mylechreest,9,Zhanghua,Oozz
11243,71,Dirty Sanchez: The Movie,6,Aurthur Bramo,3,Nice,Jamia
11244,44,Mother (Mat),46,Christian Bordman,9,Baoyang,Jatri
11245,51,"Counterfeit Traitor, The",74,Appolonia Benardet,10,A dos Cunhados,Kwilith
11246,18,Pretty Maids All in a Row,91,Davy McLeish,5,Milwaukee,Mymm
11247,2,Separate Lies,15,Boris Bruck,8,Mramani,Blogpad
11248,64,La Putain du roi,8,Simmonds Peyes,7,Hongjiang,Skinder
11249,99,Half Baked,57,Emmit Kimbly,8,Nguékhokh,Feedmix
11250,55,Uprise,1,Tobe Darrington,7,Sovetskoye,Feedfire
11251,8,"Car 54, Where Are You?",87,Sigismund Soden,10,Wolometang,Fanoodle
11252,52,"Hello, Dolly!",88,Riobard Rookesby,10,Jiuxian,Brightdog
11253,15,"Last House on the Left, The",15,Hanan Hawe,7,Xingcheng,Zooveo
11254,35,Foreverland,97,Dennis Brognot,9,Charenton-le-Pont,Ntag
11255,37,"Immigrant, The",17,Wandie McKmurrie,3,Velika Kladuša,Brainbox
11256,32,Viva Villa!,52,Elvin Hallor,9,Itapuranga,Kwideo
11257,24,It Had to Be You,99,Charlot Ortiger,10,Mancha Khiri,Flipstorm
11258,70,Max Payne,60,Solly Vlies,4,Isheyevka,Divanoodle
11259,79,Burrowing (Man tänker sitt),18,Barton Keveren,5,Partang,Photojam
11260,80,Electroma,25,Nikos Menichillo,9,Mjölby,Fadeo
11261,43,Gardens of Stone,46,Philip Tonbridge,1,Köyliö,Lajo
11262,23,"Principal, The",19,Humbert Autry,9,Golynki,Topicblab
11263,94,Secrets,53,Brigid Pitkeathly,3,Zhenxi,Brightbean
11264,29,Arthur Newman,35,Gib Aps,2,Komenda,Shufflebeat
11265,24,Circle of Eight,49,Clea Laycock,5,Nová Role,Roodel
11266,83,Love in the Afternoon (Chloe in the Afternoon)  (L'amour l'après-midi),93,Sayre Lochrie,7,Santaluz,Chatterpoint
11267,18,American Swing,52,Bartolemo Demanche,5,Wucun,Tanoodle
11268,6,Annie Get Your Gun,18,Arabela Ugo,8,Saint-Louis,Gabvine
11269,29,The Admirable Crichton,61,Kakalina Aiston,5,Blizne,Wikizz
11270,88,Little Accidents,82,Tommie Kellen,7,Thepharak,Kwimbee
11271,77,Suture,89,Beulah Schieferstein,2,Nanfeng,Skippad
11272,64,"Outside Man, The (Un homme est mort)",66,Gill Pietrasik,10,Balogo,Jazzy
11273,90,"Intended, The",19,Mona Long,5,Huskvarna,Pixonyx
11274,4,They Wait,49,Albie Langlais,8,Bolgar,Kayveo
11275,43,Beginning of the Great Revival (a.k.a. The Founding of a Party),63,Maye Crighton,3,Az Zawr,Pixope
11276,6,Dead of the Nite,25,Daphene McKillop,5,Rungis,Meembee
11277,6,Films to Keep You Awake: The Baby's Room (Películas para no dormir: La habitación del niño),7,Chan Greengrass,9,Västerås,Youbridge
11278,28,"Atomic Brain, The",53,Kareem Littlemore,9,Nedašov,Camimbo
11279,68,"Girl with the Red Scarf, The (Selvi boylum, al yazmalim)",87,Kelby Tully,5,Hougang,Blogspan
11280,69,"Married Woman, A (Une femme mariée)",95,Mack Dur,8,Wukari,Aimbo
11281,76,The Deep Six,54,Galen De Michetti,6,Brnaze,Edgetag
11282,35,"Myth of the American Sleepover, The",13,Margo Youhill,3,Korsze,Kaymbo
11283,27,Bambi Meets Godzilla,21,Berty Styles,1,Bendoroto,Izio
11284,47,Napoléon,38,Vasili Hinkensen,6,Tha Tako,Zoomcast
11285,56,This American Journey,76,Pietrek Le Friec,10,Toba,Quatz
11286,57,Bright Victory,23,Judon MacGarrity,5,Campbellton,Eimbee
11287,50,Duets,98,Ingar Pescud,10,Grzmiąca,Viva
11288,56,Rent-a-Kid,89,Grange Quiddinton,6,Francisco I Madero,Wikido
11289,67,True Lies,45,Alidia Philippson,7,Datan,Jamia
11290,89,Love Potion #9,90,Francisco Diben,7,Changtian,Einti
11291,20,Ricky Gervais Live 4: Science,11,Dannel Inchan,6,Nouakchott,Jamia
11292,95,Alex and Emma,85,Hall Schimoni,10,Los Ángeles,Skiptube
11293,30,"'burbs, The",38,Dianna Goodley,1,Mahates,Kwimbee
11294,75,"Black Waters of Echo's Pond, The",7,Bear Dugald,7,Rāwandūz,Flipbug
11295,72,"Day of the Jackal, The",73,Jeddy Habron,2,Virginia Beach,Quinu
11296,33,Forever Strong,57,Gibb Liddel,10,Beaverton,Ntag
11297,28,"Promise, The (Wu ji)",59,Karon Farady,2,Huangshi,Flashpoint
11298,11,"Story of Seabiscuit, The",32,Jaquelin Millery,1,Juatuba,Feedbug
11299,85,Shivers (They Came from Within),66,Merilyn Marchant,10,Faisalābād,Camido
11300,21,F/X2 (a.k.a. F/X 2 - The Deadly Art of Illusion),27,Durward Upham,8,Ban Phai,Shufflebeat
11301,50,Stitches,17,Jerrold Colisbe,6,Indianapolis,Mybuzz
11302,92,Om Jai Jagadish,61,Barn Gilhespy,3,Dresden,Realblab
11303,27,Jimmy's Hall,67,Sarita Locks,2,Belleville,Geba
11304,38,Citizen X,71,Tudor Rimington,6,Issy-les-Moulineaux,Demivee
11305,52,"Alan Smithee Film: Burn Hollywood Burn, An",55,Clay Shiell,10,Tandou,Skynoodle
11306,60,Cloak and Dagger,47,Cynthea Duval,6,Tralee,Vinte
11307,54,Stanley & Iris,2,Orson Yurchenko,6,Eslöv,Brightbean
11308,88,"Study in Choreography for Camera, A",83,Caressa Beddoes,4,Amor,Thoughtsphere
11309,5,Snapshot,67,Ashleigh Seamans,3,Matamey,Ntag
11310,62,Games People Play: New York,22,Jonah Andrey,8,Vel’sk,Blogtag
11311,29,The Four Feathers,87,Claudie Derrell,4,Mników,Livetube
11312,61,Aladdin and the King of Thieves,21,Lindsey Jeffes,7,Brumado,Kwimbee
11313,3,Leprechaun 3,86,Saul Gamage,8,Pakapasan Ilir,Dynabox
11314,65,"Clearing, The",9,Demetrius Kernan,7,Yumbel,Dabtype
11315,9,Radio Inside,36,Diandra Ottey,9,Semamung,Twiyo
11316,18,Favela Rising,63,Britt Larkcum,5,Hegarmanah,Vitz
11317,81,Leatherheads,45,Marge Bottell,1,Fukuma,Voonder
11318,48,"One and Only, Genuine, Original Family Band, The",60,Arny Commucci,8,Tierra y Libertad,Flipstorm
11319,15,"Southerner, The",21,Levon Bamell,8,Sanghan,Voolith
11320,86,Teen Beach Movie,45,Kerrill Drejer,8,Xiabuji,Tazzy
11321,65,Rembrandt,7,Shalom Clemow,7,Tomas,Zoomzone
11322,25,How to Eat Fried Worms,16,Ari Delete,5,Unquillo,Oyonder
11323,22,Todos eran culpables,65,Lonnard Pashen,8,Kanzaki,Browsezoom
11324,38,Mustasukkaisuus,39,Ealasaid Mushet,10,Guyang,Tanoodle
11325,46,Chuck Norris vs Communism,50,Natalya Grayston,9,Laojunpo,Jaxbean
11326,48,"Major and the Minor, The",72,Marya Olyfant,2,Tucurú,Tagpad
11327,62,Albatross,14,Clint Learoyd,9,Qingshui,Mycat
11328,81,"Thief, The (Vor)",12,Benedick Cowap,8,General Ramírez,Podcat
11329,66,Prey for Rock & Roll,84,Hort Blogg,2,Hāgere Selam,Babblestorm
11330,59,The Golden Cage,51,Orrin Dafter,10,Evansville,Oyoba
11331,53,Crazy Love,49,Rivalee Saleway,7,Santa Fé do Sul,Blogpad
11332,16,Raw Deal: A Question of Consent,47,Eileen McTurlough,9,Kayl,Brainsphere
11333,99,"Anderson Tapes, The",46,Lilly Danniell,2,Talu,Youtags
11334,77,Forest Warrior,43,Dulciana Click,3,Leninsk,Trupe
11335,12,Guernica,44,Philbert de Courcy,9,Benito Juarez,Vitz
11336,61,All Night Long,30,Johnathon Haville,2,Pylaía,Jetpulse
11337,68,"Informant!, The",86,Fifi Warne,5,Bamban,Tazz
11338,71,Seal Team Eight: Behind Enemy Lines,68,Ave Cordell,6,Dubki,Yabox
11339,93,Rendezvous,22,Fletch Ibert,10,Pasanggrahan,Ntag
11340,15,Bandslam,35,Casey Chatters,10,Esperança,Devcast
11341,71,Yesterday's Enemy,37,Hashim Boatswain,4,Pengilon,Skinte
11342,34,Election,1,Hanni Mellem,7,San Miguel Ixtahuacán,Brainlounge
11343,66,An Alligator Named Daisy,13,Murray Truett,6,Czarne,Skippad
11344,45,"Second Man, The (O Defteros Andras)",6,Edvard Labern,5,Marquard,Skipfire
11345,22,Tsunami: Caught on Camera,81,Burtie Pawling,5,Mandalgovi,Viva
11346,62,Cahill U.S. Marshal (Cahill: United States Marshal) (Wednesday Morning),39,Morgana McGonigle,4,Binitayan,Dynazzy
11347,87,"Quiet Room, The",80,Bethany Balshaw,3,Capim Grosso,Ainyx
11348,30,Septien,24,Amata Braunds,6,Shijia,Zava
11349,15,Private Confessions,41,Evy Coode,4,Billings,Oyoyo
11350,37,Lilies of the Field,29,Felita Simla,4,Holice,Topiclounge
11351,85,Trinity: Gambling for High Stakes (Odds and Evens) (Pari e dispari),96,Vanessa Greatex,1,Huanghai,Talane
11352,53,Gamera vs. Barugon,88,Sheffy Aveyard,8,Trångsund,Meejo
11353,77,"Act of Killing, The",1,Haily Shallo,1,Paris 12,Agivu
11354,14,Shaolin (Xin shao lin si),5,Raychel Doidge,8,Dmitriyevka,Yakidoo
11355,9,"Brotherhood of the Wolf (Pacte des loups, Le)",82,Bordy Dik,10,Langkou,Dablist
11356,50,Striptease,4,Celestyna Thewlis,6,Tambakbaya,Riffpath
11357,76,"Reluctant Astronaut, The",92,Salomone Newport,6,Bijia,Camido
11358,4,"Endless Summer 2, The",16,Lettie Heddy,7,Pontian,Realfire
11359,55,Manhattan Murder Mystery,99,Almire Harcase,10,Chengcun,Gigabox
11360,30,Pauline at the Beach (Pauline à la Plage),58,Osborn Carradice,5,Issa,Avaveo
11361,83,Ice Men,55,Anna-maria Eilhart,5,Huishangang,Feedfire
11362,22,Bring It On: Fight to the Finish,90,Ruy Sarvar,8,Khao Kho,Kamba
11363,51,Best Friends,17,Cirillo Willacot,2,Chvalšiny,Teklist
11364,48,Mike Birbiglia: My Girlfriend's Boyfriend,44,Roscoe Newstead,7,Oebatu,Divavu
11365,80,"Perfect Human, The (Perfekte Menneske, Det)",84,Riane Kirkbright,10,Karangranjong,Mudo
11366,32,In Passing,33,Berkly Woodburne,4,Brejo da Madre de Deus,Digitube
11367,95,Jacknife,49,Randi Engelmann,4,Aksarka,Livepath
11368,81,Body and Soul,35,Martica Edge,9,Sandyford,Latz
11369,6,Romy and Michele: In the Beginning,2,Margery Isaak,10,Obsharovka,Zoombox
11370,45,Bill Hicks: Relentless,85,Fletch Barke,2,Lutian,Eayo
11371,56,Busting,95,Alexia Waterhouse,7,Falun,Zoombeat
11372,8,Cinderella Man,94,Tedi Richardes,3,Koanara,Tanoodle
11373,87,Penitentiary II,20,Daryl Avis,8,Kyurdarmir,Trudeo
11374,75,Splinterheads,69,Rakel Jonke,1,Cabo,Quire
11375,73,Emperor,25,Raf Stancer,4,Xiangquan,Talane
11376,74,From Paris with Love,83,Pete Gerhts,4,Lakinsk,Dynazzy
11377,9,Separate Tables,34,Rabbi Thomson,6,Guiniculalay,Skyba
11378,91,In Search of a Midnight Kiss,15,Beryl Churn,3,Santarém,Shufflester
11379,17,Bloody Pit of Horror (Il boia scarlatto) (Virgins for the Hangman),2,Richmond Rickertsen,2,Bagou,Oodoo
11380,50,Beauty and the Beast,38,Larissa Bezant,2,Jindou,Skippad
11381,54,Tekkonkinkreet (Tekkon kinkurîto),51,Kelley St. Pierre,7,Listvyanskiy,Flashpoint
11382,99,Nature Calls,36,Lexi Poynser,6,Puncakwangi,Zoovu
11383,36,"Story of Qiu Ju, The (Qiu Ju da guan si)",34,Beatriz Brinicombe,5,Agraharam,Ainyx
11384,27,American Grindhouse,47,Werner Deelay,2,Ximapo,Jetpulse
11385,43,"Gospel, The",67,Ashley Farress,5,Niort,Yoveo
11386,75,"Man in the Moon, The",92,Renaldo Polk,9,Volodymyrets’,Geba
11387,64,"Midsummer Night's Dream, A",19,Francesco Guidelli,10,Aelande,Ainyx
11388,12,Fate (Yazgi),15,Kara-lynn Kendred,9,Namie,Twinder
11389,14,By the Bluest of Seas (U samogo sinego morya),85,Matthew Burney,2,Uherský Brod,Trilia
11390,77,Never a Dull Moment,95,Kissie Swalwell,6,Maki,Oyoloo
11391,75,The New Centurions,7,Basia Bennoe,2,Maromitsa,Plambee
11392,12,"Forsaken, The",83,Valera Fury,1,Örebro,Tambee
11393,97,Road House,51,Hazel Gyngell,6,Milwaukee,Tagpad
11394,5,Quitting (Zuotian),97,Leelah Bulcock,6,Limoeiro do Norte,Photolist
11395,85,Eat,94,Patton O'Cassidy,1,Limoeiro do Norte,Talane
11396,98,"Last Shot, The",85,Garfield Mountain,10,Maswarah,Snaptags
11397,67,Red Beard (Akahige),51,Linc Poag,8,Padre Las Casas,Quamba
11398,76,Sleep with Me,39,Lorelei Kase,2,La Molina,Eidel
11399,52,New Year's Eve,56,Ingunna Berard,8,Armash,Thoughtsphere
11400,22,Nancy Drew and the Hidden Staircase,75,Randi Lorking,9,Fuzhai,Rhybox
11401,86,War of the Wildcats (In Old Oklahoma),98,Ophelia Convery,3,Padre Bernardo,Kanoodle
11402,15,Graveyard Shift (Stephen King's Graveyard Shift),86,Edmon Housby,9,Liuhe,Youspan
11403,75,Crash Dive,31,Gauthier Killerby,6,Lyon,Zoombeat
11404,82,Breakaway (Speedy Singhs),30,Artemis Webborn,8,Manacapuru,Mymm
11405,28,Stereo,63,Evelyn Jacks,2,Dauphin,Feedfish
11406,5,Superman/Batman: Public Enemies,39,Silvester Krikorian,1,San Francisco,Mynte
11407,21,Moonlight and Cactus,17,Freddie Vaillant,5,Longqiao,Photobug
11408,5,Great Expectations,51,Aleece Huggett,4,Pécs,Wordpedia
11409,75,Easy Money,63,Shellie Scotland,10,Frydrychowice,Wikido
11410,36,"Hudsucker Proxy, The",37,Elva Sewley,7,Roissy Charles-de-Gaulle,Npath
11411,68,Let It Be,58,Jessi Yuryaev,9,Laspezia,Browsezoom
11412,17,Still Bill,61,Belva Norsister,3,Rongxing,Realblab
11413,21,Kurt & Courtney,5,Burr Bram,8,Sandviken,Wordtune
11414,45,"Next Stop, Greenwich Village",97,Fonzie Jorden,6,Tunjë,Yozio
11415,1,True Heart,2,Clim Guterson,10,Uzlovaya,Vinder
11416,38,Cartoon All-Stars to the Rescue,6,Erastus Escalera,9,Merida,Jetwire
11417,56,"Friend of Mine, A (Ein Freund von mir)",14,Gelya Yockney,9,Cogon,Linkbuzz
11418,40,Shakedown,93,Candace Kellitt,3,Galatás,Abata
11419,79,"Accidental Husband, The",50,Anson Beecker,2,Guanambi,Voomm
11420,6,Jack Ryan: Shadow Recruit,82,Sheilah Bleiman,7,Francisco Beltrão,Yata
11421,8,"Rage in Harlem, A",55,Roberta Cappel,1,Río Tercero,Pixope
11422,61,For the Love of a Dog,18,Codie De Blasio,7,Yatunpu,Gigaclub
11423,32,Collateral,68,Bailey Goude,5,Alvarães,Tagtune
11424,5,Amber Alert ,30,Nikoletta Narbett,7,Penha,Brainbox
11425,54,Captain Corelli's Mandolin,14,Garrick Oiller,3,Tours,Meemm
11426,49,Nostalghia,84,Oriana Fakeley,2,Kuripan,Brainverse
11427,99,"Storm Warriors, The (Fung wan II)",19,Eliot MacNeilley,2,Guli,Thoughtsphere
11428,99,"Big Clock, The",56,Ingaberg Gleed,10,Nelipyno,Muxo
11429,14,"Banger Sisters, The",48,Caroljean Turville,3,Kouloúra,Thoughtworks
11430,38,"Decameron, The (Decameron, Il)",71,Vance Smalles,3,Bajo,Realbridge
11431,28,Decoder,62,Libbi Chinge,5,Avaré,Zoomdog
11432,23,Millennium Actress (Sennen joyû),82,Dur Holbie,6,Ko Si Chang,Oyope
11433,12,Bonnie Scotland (Heroes of the Regiment),13,Palm Hobben,10,Daiyue,Latz
11434,83,"Big Fix, The",48,Ronalda Astill,4,Jaguarari,Skaboo
11435,17,Still Mine,36,Willem Poyzer,5,Machagai,Topicware
11436,80,"Amazing Spider-Man, The",38,Anatola Simm,9,Washington,Wikibox
11437,98,"Long Good Friday, The",72,Chance Gaynes,10,Polanka Wielka,Zoomdog
11438,3,Judgment in Berlin,82,Niel Overal,7,Cañete,Eazzy
11439,28,Stunt Rock,84,Hal Larrett,2,Jiangya,Devpoint
11440,42,Paris,9,Gaynor Fernando,5,Yuta,LiveZ
11441,93,Don't Look in the Basement!,97,Bing Oxlee,6,Trudobelikovskiy,Ainyx
11442,40,Twist,85,Karena Haw,1,Yanjiatai,Babbleopia
11443,36,Kill List,35,Merle Waring,7,Lavadorinhos,Demizz
11444,58,"Waiting Game, The",47,Orelee Grattan,7,Ágio Pnévma,Centidel
11445,70,Powder Room,12,Lindsy Shacklady,10,Gouménissa,Centidel
11446,3,Ivanhoe,22,Morse Gipson,1,Caminauit,Brainsphere
11447,58,Scooby-Doo,41,Valera Aizikov,8,Campamento,Kazu
11448,50,Killing Us Softly 4: Advertising's Image of Women,70,Cord Jobbing,8,Hisings Kärra,Ainyx
11449,38,"Wrong Arm of the Law, The",12,Ingeborg Pook,1,Dajabón,Flashspan
11450,41,Summer Magic,94,Weylin Bluett,10,Quintã,Edgeblab
11451,37,Missing,61,Dore Levensky,8,Kutapanjang,Ntag
11452,14,Young Guns II,90,Eolanda Humber,8,Cipunglu,Brainsphere
11453,69,Final Analysis,22,Fina Domeney,7,Thị Trấn Tà Lùng,Meezzy
11454,46,"Hucksters, The",61,Eyde Lednor,10,Tipaz,Youtags
11455,55,Eat a Bowl of Tea,59,Valentine Oxford,4,Sangkulirang,Feedbug
11456,44,Confidentially Connie,67,Ware Antonikov,3,Bairro do Margaça,Tazz
11457,96,Viimeiset rotannahat ,80,Edgard Binestead,4,São Bento,Skinder
11458,4,SpaceCamp,10,Steffen Zohrer,1,Half Way Tree,Zazio
11459,42,Two Shots Fired,32,Audi Barniss,4,Lom Sak,Eadel
11460,67,Lesson Plan ,68,Carlin Rasor,10,Dipayal,Eadel
11461,69,"Angel Levine, The",68,Judie Vanyashin,9,Phetchabun,Zava
11462,76,"Girlfriend Experience, The",46,Shem O'Hoolahan,4,De la Paz,Quire
11463,51,Made,29,Olia Giral,7,Västerås,Geba
11464,50,Jim Jefferies: Alcoholocaust,94,Pattie Seefus,3,Jindong,Bubbletube
11465,69,Enduring Love,64,Norrie Gregor,10,Anadia,Linklinks
11466,41,Foreign Student,93,Tiff Blaschek,6,Volodymyr-Volyns’kyy,Bubblebox
11467,99,Men Seeking Women,56,Allys Tulley,5,Broshniv-Osada,Abatz
11468,60,Dying at Grace,47,Hunfredo Betke,1,Zarya,Roodel
11469,93,Up the Yangtze,35,Elfrida Szymanowski,5,Ouanaminthe,Tanoodle
11470,76,"Fighting Seabees, The",96,Becka Gallaher,3,Ghurayd Gharamē,Thoughtbeat
11471,91,Greed,83,Dillon Fanner,9,Baturité,Twitterlist
11472,63,"Rise & Fall of ECW, The",50,Linda Kelk,7,Liliongan,Jabbertype
11473,58,Nas: Time Is Illmatic,51,Lucias Venables,2,Zavolzh’ye,Lazzy
11474,54,"Lord of the Rings: The Two Towers, The",67,Shelley Dundridge,10,Chrast,Eimbee
11475,72,Christmas Vacation (National Lampoon's Christmas Vacation),20,Anthe Gianilli,2,Chengxi,Oyoba
11476,34,Viimeiset rotannahat ,12,Peterus Lebell,1,Al Qurayn,Wikizz
11477,26,The Vixen,84,Selena Knowlton,3,Mutengene,Snaptags
11478,62,Addicted to Love,95,Richardo Broster,7,Khvalovo,Tambee
11479,19,I Dream Too Much,85,Eugen Setterington,6,Junqueiro,Jaxworks
11480,35,Kissing a Fool,44,Shirlene Pecha,10,Ridder,Buzzster
11481,68,Blue Collar,89,Nicole Leupold,7,Nagorsk,Browsebug
11482,77,Enola Gay and the Atomic Bombing of Japan,18,Danit McCory,9,Reckange-sur-Mess,Rhybox
11483,38,Defiance,15,Tamma Milton-White,3,Tallahassee,Tagfeed
11484,97,Continental Divide,89,Maxim Schenkel,1,Holice,Feedbug
11485,15,Nursery University,33,Mufi de Zamora,9,Manama,Jabbersphere
11486,83,Recipe for Love,2,Karney Slator,7,Arshaluys,Jaxworks
11487,65,Beneath the Dark,21,Carolus Stanbra,6,Fauske,Skyble
11488,48,Shall We Dance?,30,Idell Cours,4,Dumlan,Topdrive
11489,8,My Wife Is a Gangster (Jopog manura),90,Millisent Ongin,1,Chavães,Riffpedia
11490,84,Pandora's Box,44,Killie Gino,5,Palca,Tagopia
11491,61,Raise Your Voice,57,Veronika Pedden,10,Tangyin,Eidel
11492,31,Hellgate,2,Waldo Davis,6,Tianmen,Wordpedia
11493,97,Amu,49,Kora Camin,7,Motuo,Agivu
11494,50,Freaks,52,Thorsten Braunston,7,San Vicente,Youfeed
11495,72,Babylon 5,63,Maynard Winder,7,Santa Catarina,Zava
11496,98,Carmen,39,Cordie Faers,1,Holguín,Oyondu
11497,6,"White Balloon, The (Badkonake sefid)",21,Templeton Teggin,3,Mamara,Skimia
11498,35,"Secret Six, The",67,Neddy Lansbury,2,Ljubešćica,Browsecat
11499,100,Gloria,24,Pablo McGraffin,6,Filabusi,Youfeed
11500,64,Spaceballs,12,Bradley Spurden,6,Bonao,Eamia
11501,11,Sleepy Hollow,9,Westleigh Cars,6,Santa Helena de Goiás,Livepath
11502,65,Rush: Beyond the Lighted Stage,41,Giustino Beaford,1,Antiguo Cuscatlán,Edgetag
11503,26,Glen or Glenda,81,Keely Buttrum,8,Tete,Edgeclub
11504,7,Toi et Moi,64,Nanice Sellner,9,Svetlyy,Twinte
11505,88,Taifu Club (Taifû kurabu),26,Sadella Cable,8,Ohafia-Ifigh,Devify
11506,8,"Home of Our Own, A",77,Avis Sima,9,Galis Dua,Flipbug
11507,89,LEGO DC Comics Super Heroes: Justice League vs. Bizarro League,3,Cammy Paulsson,9,Prévost,Skyba
11508,24,Damien: Omen II,49,Nerty Edess,3,Planaltina,Wikizz
11509,14,"Ghost and Mr. Chicken, The",38,Seward Lotwich,3,Ryōtsu-minato,Aibox
11510,82,Spies (Spione),4,Allistir Curnnok,4,Woto,Quinu
11511,68,Jade Warrior (Jadesoturi),81,Celinda Dyshart,8,Ayní,Zooveo
11512,52,Satyricon,62,Crissie Drejer,4,Västra Frölunda,Zoomlounge
11513,89,Seventh Son,9,Sayre McSorley,2,Goris,Photojam
11514,73,"Light Bulb Conspiracy, The",95,Olivia Cloy,4,Diên Khánh,Topicware
11515,26,Infection (Kansen),70,Mariele Simunek,1,Nubl,Tanoodle
11516,95,Bugsy Malone,3,Leese Vedenyakin,1,Banaba,Shuffledrive
11517,64,The D Train,44,Windham Horry,8,Cavaillon,Mudo
11518,29,Lost in Austen,71,Beverley Midlane,5,Chatturat,Eazzy
11519,74,"Sunday Day in Hell, A (En forårsdag i Helvede)",80,Loella Iczokvitz,6,San Francisco,Trudoo
11520,65,From Beijing with Love,78,Roby Uzelli,4,Vrbovec,Aimbo
11521,82,Beyond the Clouds (Al di là delle nuvole),32,Sephira Blase,5,Berat,Rhybox
11522,10,"Tempest, The",50,Kale Parrish,3,Araraquara,Wordpedia
11523,29,South Pacific,98,Sibella Baudinet,1,Belén Gualcho,Devshare
11524,55,"Hobbit: An Unexpected Journey, The",7,Sabina Gate,8,Zunilito,Browsetype
11525,37,Sixpack (Pussikaljaelokuva),54,Joan Hastwell,7,Planovskoye,Rhynyx
11526,14,Lifted,62,Cami Murthwaite,5,Margasari,Wordify
11527,64,Wanda Nevada,29,Leoline Trim,1,Vrilissia,Skaboo
11528,51,"Third Wheel, The",60,Georgie Rivelon,3,Gaotang,Avamm
11529,2,Madame Rosa (La vie devant soi),51,Fernando Trewman,7,Citeureup,Bubblemix
11530,17,"Saint in London, The",30,Gayler Marxsen,7,Cortes,Devcast
11531,89,"Silent One, The",13,Nikolos Phillips,10,Dobrzeń Wielki,Ainyx
11532,69,Fled,13,Salomon Garden,7,Kolbudy,Skivee
11533,64,Down to Earth,10,Cherice Kittel,2,Castanheira,Reallinks
11534,27,"My Mother's Castle (Château de ma mère, Le)",29,Clarabelle Fulbrook,2,Guadalupe,Oyope
11535,82,Mogambo,12,Caroljean Snelle,7,Massakory,Leenti
11536,22,Return to Snowy River (a.k.a. The Man From Snowy River II),16,Tanhya Gillingham,2,Itamarandiba,Gigashots
11537,78,In Dreams,12,Kristos Grimsdyke,8,Natal,Centidel
11538,18,Sir Arne's Treasure,10,Ingra Anfonsi,7,Pacanga,Youspan
11539,93,"Tesseract, The",42,Livvyy Chick,10,Pinheiral,Ntags
11540,58,Newsies,73,Gaston Alvaro,10,Botoh,Feednation
11541,88,Jonestown: The Life and Death of Peoples Temple,83,Zola LLelweln,6,Cihua,Jatri
11542,7,"Monster, The",54,Krysta Menpes,4,Kumberg,Innotype
11543,76,"House by the Cemetery, The (Quella villa accanto al cimitero)",17,Rubin Hillam,3,Nikopol,Trudeo
11544,35,"Brother's Kiss, A",99,Rolando Hearnes,4,Stockholm,Wordtune
11545,79,Around the Bend,89,Emalia Pidler,6,Sepahua,Skyba
11546,97,Belarmino,13,Keely Caldero,5,Berlin,Twitterbridge
11547,54,Song of the Exile (Ke tu qiu hen),53,Judi Felstead,2,Szemud,Skipstorm
11548,33,Eden,54,Michel Blumsom,4,Pizarro,Skinte
11549,95,"Easy Come, Easy Go",75,Kerk Northedge,2,Bidyā,Voonder
11550,96,No habrá paz para los malvados,99,Freddie Narraway,2,Ristinummi,Reallinks
11551,95,At First Sight,72,Guthrie Graham,5,Sabana Grande de Palenque,Mynte
11552,73,I Am Maria (Jag är Maria),79,Lutero Dulen,5,Salgado,Jamia
11553,90,Rebellion (L'ordre et la morale),79,Georgy Brooking,3,Cadiz,Fadeo
11554,45,Motorama,80,Emanuel Munks,7,Songping,Photobug
11555,57,Beyond the Fear,90,Shem Shakshaft,1,Vievis,Skimia
11556,77,Eragon,12,Chiquita Fitchell,9,Xylókastro,Twimm
11557,45,Algiers,65,Kippy Purle,3,Itsukaichi,Tambee
11558,73,Harsh Times,76,Sarette Byas,3,Kungshamn,Jazzy
11559,72,Gold Diggers: The Secret of Bear Mountain,92,Knox Huby,1,Grimstad,Aivee
11560,58,Off Beat,58,Sheilakathryn Pyvis,1,Akunk’,Kazu
11561,4,"Paimen, piika ja emäntä",61,Alfy Moutray Read,1,Sundsvall,Fivebridge
11562,41,Notorious C.H.O.,47,Conni Goolding,9,Xincheng Chengguanzhen,Zoomlounge
11563,29,History of Hell (Rosas Höllenfahrt),80,Henrie Bangs,1,Baita,Shufflebeat
11564,25,Kill Buljo: The Movie,96,Ferdinanda Gladman,8,Benito Juarez,Topicware
11565,55,Black Rock,8,Elspeth Baylie,9,Maunuri,Topicware
11566,36,Suicide Kings,12,Josselyn Stratton,3,Raduzhnyy,Centimia
11567,73,Passionada,39,Ronnica Emblen,10,Barbacena,Roombo
11568,49,Freedomfighters (Libertarias),97,Isahella Gosford,10,Or Yehuda,Topicblab
11569,33,Mr. Morgan's Last Love,51,Rockwell O' Ronan,3,Ilopango,Jabbertype
11570,86,Cockpit,57,Elwira Scad,4,Longwei,Gevee
11571,16,Hombre,76,Adorne Salaman,4,Camasca,Demivee
11572,96,Father and Son (Otets i syn),62,Fidelia Minister,4,Yihe,Eayo
11573,66,Scott Pilgrim vs. the World,98,Aurie Broadwell,5,Moshenskoye,Katz
11574,82,SSSSSSS,35,Jasmin Mordon,1,Dukay,Yata
11575,48,And Now a Word from Our Sponsor,31,Lonna Foreman,9,Maraial,Zooveo
11576,23,"Crew, The",35,Elisha Huskisson,3,Manisi,Skippad
11577,61,Fuzz,39,Orin Camus,10,Tairan Camp,Shuffletag
11578,90,Chicago Cab (a.k.a. Hellcab),86,Rebekah Roly,4,Altunemil,Jaxnation
11579,6,Cherry Blossoms (Kirschblüten - Hanami),64,Bradford Mounfield,7,Utan,Skyble
11580,27,Padre padrone,10,Jolee Halston,10,Rennes,Tagchat
11581,18,My Man and I,51,Roosevelt Dendon,2,Jiufeng,Midel
11582,76,"Wolf Man, The",73,Jeramie Franciottoi,6,Hanjia,Livefish
11583,99,Xiu Xiu: The Sent-Down Girl (Tian yu),5,Edsel Armstead,3,Zhaozhen,Eimbee
11584,67,"Fog, The",28,Marisa Zorzetti,1,Calizo,Tagchat
11585,100,Ce que mes yeux ont vu,43,Ellen Farlham,7,Cachan,Skinix
11586,52,Everybody Street,66,Terence McGooch,8,Zubří,Oloo
11587,90,Chasers,88,Margeaux Center,6,Le Havre,Mudo
11588,17,"Counterfeit Coin, The (Istoria mias kalpikis liras)",79,Rois Linnock,8,Pappadátes,Photojam
11589,89,"New Leaf, A",19,Tess Sarfatti,10,Presidente Venceslau,Flashdog
11590,3,Metallica: Some Kind of Monster,3,Worthington Giorgini,8,Pang,Mybuzz
11591,77,Force 10 from Navarone,23,Jameson Frangello,8,Potrerillos,Tazz
11592,47,Film ist. 7-12,22,Shelley Calwell,1,Stradbally,Skinix
11593,43,District 13: Ultimatum (Banlieue 13 - Ultimatum),21,Lacie Ivashkin,4,Lumijoki,Realmix
11594,96,"Rites of May, The (Itim) ",45,Hertha Klausewitz,5,Banarankrajan,Tambee
11595,11,Crossover,46,Andreas Simpkiss,1,Chahār Burj,Trudeo
11596,92,Suck,14,Brennan Meysham,1,Mataquescuintla,Thoughtsphere
11597,98,Get Smart,74,Viviana Philippart,10,Pliwetan,Yabox
11598,46,Live Wire,39,Adey Tyrie,10,Dallas,Rhycero
11599,13,"Man of Straw (Untertan, Der)",26,Charmane Slowly,3,Shums’k,Fliptune
11600,79,"Painting Sellers, The (Taulukauppiaat)",50,Garnet Stivani,2,’Unābah,Jetwire
11601,81,Un vampiro para dos,39,Lorie Morton,10,Kultuk,Fadeo
11602,92,"Unreal Dream: The Michael Morton Story, An",52,Katherine Vila,5,Hino,DabZ
11603,26,"Cinderella Story, A",34,Curran Wellesley,9,Luan Balu,Abatz
11604,87,Inspector Gadget,63,Lilllie Clissold,8,Chaoshui,Oyoloo
11605,99,In Passing,91,Marlon Berendsen,5,La Guata,Dynava
11606,89,Aftershock,78,Aimee Gemlett,8,Kambatatamakawu,Mita
11607,94,In the Heart of the Sea,77,Onida Rucklesse,3,Mundolsheim,Tambee
11608,91,Disorderlies,71,Dunn McKinstry,9,Lomintsevskiy,Gabcube
11609,10,Chris Rock: Bigger & Blacker,71,Barn Hatherley,7,Murree,Oozz
11610,35,Anatomy (Anatomie),11,Ninette Yielding,8,Kallithéa,Skaboo
11611,15,"Little Traitor, The",3,Amii McLachlan,2,Santiago De Compostela,Thoughtstorm
11612,90,Dragon Eyes,68,Carena Duding,6,Kiltamagh,Mydo
11613,61,"Last Airbender, The",87,Carrie Tabary,2,Cimo de Vila,Agivu
11614,64,Rosemary's Baby,11,Sosanna Bletso,8,Buenaventura,Aimbu
11615,11,"Singer, The (Quand j'étais chanteur)",60,Gabriellia Kelly,10,Guanting,Plambee
11616,19,Craigslist Joe,26,Stu Baum,9,Piduhe,Kamba
11617,89,Maid to Order,14,Arline Partkya,8,Al Mushannaf,Leenti
11618,16,"Hustlers, The (Veijarit)",51,Shermie Dominec,2,Shixiang,Podcat
11619,67,Retribution (Sakebi),45,Jocko Piggin,7,Kotes,Miboo
11620,35,"Player, The",28,Gonzalo Sibbit,6,Saratov,Trilia
11621,99,The Merry Widow,72,Sky Demchen,7,Kamiennik,Quaxo
11622,80,"Go-Getter, The",72,Brody Pickrell,9,Kolumbug,Thoughtworks
11623,93,Pretty Things,77,Dwayne Smeuin,7,Krajan,Feedfish
11624,100,Once Upon a Time in Shanghai,39,Eugen Selly,4,Bouctouche,Gigashots
11625,85,Satan Met a Lady,84,Leeland Ladds,5,Yunfeng,Voonder
11626,31,"Keeper of Lost Causes, The (Kvinden i buret)",92,Stacee Goodbourn,5,Além,Buzzster
11627,8,Madame Bovary,49,Harris Pletts,9,Hamada,Yabox
11628,7,Promised Land (Ziemia Obiecana),74,Mitchell Mobbs,1,Bantar Tengah,Twitterwire
11629,68,"Public Eye, The (Follow Me!)",60,Salome Martinello,9,Terrugem,Realcube
11630,56,"Chapman Report, The",14,Zachary Warwicker,7,Barbacena,Eire
11631,50,Blue in the Face,18,Raphael Harpham,6,Lindi,Gigazoom
11632,42,Voices of Iraq,63,Fabe Braganza,4,Annopol,Dynava
11633,10,Meteor,89,Thaine Sparshatt,8,Sayḩūt,Plambee
11634,76,Murder on a Sunday Morning (Un coupable idéal),56,Bradford Cadalleder,6,Kemendung,Skinder
11635,35,Feeding Frenzy,73,Rici Jevon,9,Kemisē,Aivee
11636,80,Rampage at Apache Wells,16,Berte McAlpine,4,Lianzhu,Trudoo
11637,10,Crisis (Kris),86,Emogene Deverose,10,Ko Samui,Mynte
11638,35,Greystone Park,83,Ema Catonne,7,Cabo Frio,Npath
11639,25,"Other Voices, Other Rooms",7,Douglas Yalden,7,Kombapari,Leenti
11640,25,Eddie,97,Alexina Falls,8,Manyana,Yodel
11641,45,"Passion of Ayn Rand, The",54,Bentlee Popeley,8,Gongli,Jayo
11642,5,"Second Man, The (O Defteros Andras)",81,Linell Scarisbrick,10,Ngama,Zooxo
11643,26,Star Trek: Insurrection,26,Camille Ithell,9,Taoyuan,Photobean
11644,5,Somersault,20,Monica Doding,7,Lampa,Eamia
11645,47,Shorts,84,Yanaton Silson,2,Antony,Aimbo
11646,88,Johnny Got His Gun,93,Gregorius Auld,7,Apucarana,Riffpedia
11647,72,Gang Related,48,Donnell Lago,6,Dongtai,Bubblebox
11648,31,Mrs. Soffel,66,Viviene Juzek,8,Yelkhovka,Feedfire
11649,66,Hot Rod,33,Karmen Radley,10,Hudlice,Twitternation
11650,33,Dirty,80,Rodrique Mayer,4,Oepuah,Photobug
11651,20,"Experience, The (Tadjrebeh)",80,Camila Davio,10,Cabedelo,Fivebridge
11652,60,Full Frontal,90,Fayre Stanaway,2,Shangjie,Voolith
11653,51,Satan's Blood (Escalofrío),34,Joelynn Badham,6,Bagaces,Buzzshare
11654,68,Cousin Bette,32,Kip Ellwell,1,Yong’an,Blogspan
11655,95,RFK Must Die: The Assassination of Bobby Kennedy,10,Lombard Jeanon,9,Baoping,Rhybox
11656,99,Morning Glory,71,Orland Linforth,6,Touguinha,Divanoodle
11657,3,Heart of Midnight,59,Cecily Vaskov,1,Kasama,Voomm
11658,80,Simon Magus,47,Shea Wolfenden,2,Ankola,Gigashots
11659,13,Blue,86,Jose Relph,8,Milagros,Twitterbridge
11660,42,Beethoven,18,Carla Fishlee,10,Joutseno,Lazzy
11661,3,Tonight and Every Night,8,Lebbie West-Frimley,5,Cilimus Kulon,Lazz
11662,10,Five Minutes to Live,67,Augie Burland,8,Berezivka,Mita
11663,70,Brother (Hermano),58,Sadye Traynor,2,Palos,Jatri
11664,35,Paradox,81,Maje Pingston,3,Aragarças,Feednation
11665,87,Zero Kelvin (Kjærlighetens kjøtere),32,Elianora Karczinski,2,Benito Juarez,Divavu
11666,54,The Great Scout & Cathouse Thursday,46,Marita Boerder,1,Fu’an,Twiyo
11667,56,French Roast,53,Noelyn Island,2,Habartov,Twitterlist
11668,99,Il cappotto di legno,62,Matty Paulton,1,Ngeru,Podcat
11669,56,Tsunami: Caught on Camera,71,Torrie MacPaik,8,Dengnan,Aimbu
11670,15,Tokyo Fist (Tokyo ken),65,Shandie Whiteland,7,Meedhoo,Trilith
11671,23,Katzelmacher,38,Justinn Hazelhurst,3,Arapuey,Photofeed
11672,66,December Boys,97,Henderson Roylance,10,Kadumelati,Zoombox
11673,45,Double Whammy,40,Sharleen Carle,2,Paris 13,Browsedrive
11674,63,"Bachelor and the Bobby-Soxer, The",90,Maje Samme,1,Bone South,Eire
11675,71,Jesus' Son,35,Eli Pickerell,5,Don Chedi,Photofeed
11676,71,"Magnificent Seven, The",19,Issy Wiper,3,Mitsuke,Zoonder
11677,53,Runaway Bride,69,Crysta Gipps,5,Zoushi,Topicblab
11678,44,Venus Wars (Venus Senki),60,Ailis Marner,10,Kalabo,Kanoodle
11679,54,Domino,69,Antin Cripps,3,Lomé,Tagcat
11680,57,Shadowzone,47,Claudia Peacey,6,Quebrada Larga,Edgeblab
11681,92,A Story of Children and Film,73,Levon D'Orsay,10,Laotai,Yambee
11682,7,Hollow Reed,95,Washington Spiring,5,Sujji,Fadeo
11683,89,How Stella Got Her Groove Back,40,Jandy Zanetti,8,Senangkhanikhom,Voonte
11684,89,"Baron of Arizona, The",57,Carlynne Juggings,2,Cabaret,Kamba
11685,18,Patsy,6,Sybyl Askie,3,Itumbiara,Twinte
11686,60,Love and Pain and the Whole Damn Thing,74,Alta Reignould,5,Budzów,Trunyx
11687,77,Danger: Diabolik (Diabolik),70,Delores McIlrath,1,Hilotongan,Devshare
11688,60,Flirtation Walk,84,Rosina Ley,3,Diamantino,Thoughtsphere
11689,80,Close to Home (Karov La Bayit),2,Lind Blankau,2,Landskrona,Photojam
11690,61,Everything Put Together,64,Ethelyn Pregel,5,Shanhaiguan,Youspan
11691,33,Way Down East,60,Lelia Kornyakov,1,Pudasjärvi,Feedbug
11692,41,X-Men,78,Lauri Duckering,3,Huangjinjing,Aimbu
11693,8,After Sex,59,Heda Castlake,1,Soavinandriana,Quinu
11694,35,Incognito,97,Ella Limrick,2,Lavaltrie,Brightdog
11695,77,Monkey Trouble,74,Inga MacSwayde,5,Shuangjie,Oyonder
11696,69,Liliom,3,Ariel Zecchi,10,Tomdibuloq,Devify
11697,1,Tycoon,13,Joshuah Bohea,1,Mogoditshane,Nlounge
11698,75,The Derby Stallion,12,Vivyanne Kilduff,7,Kaji,Twitterbridge
11699,74,C.H.U.D. II - Bud the Chud,15,Letisha Martinho,1,Avlónas,Roombo
11700,70,"Constant Gardener, The",96,Saleem Ginnelly,10,Loshnitsa,Vidoo
11701,79,Beneath the 12-Mile Reef,75,Burch Fotherby,3,Shangzhang,Kimia
11702,15,Consuming Spirits,24,Cairistiona Thomen,1,Bago City,Gigashots
11703,11,"Skin Too Few: The Days of Nick Drake, A",43,Gae Houldey,6,Prienai,Meevee
11704,90,Liar's Dice,97,Jeffie Wadge,1,Qom,Oodoo
11705,78,"Shrimp on the Barbie, The",1,Kele Chessun,5,Cidadap,Blognation
11706,27,Anthony Zimmer,24,Ryun Barkley,10,El Progreso,Buzzbean
11707,16,Cold Storage,28,Genia Seine,3,Valence,Youspan
11708,8,"Inbetweeners Movie, The",63,Doreen Tottie,1,Novogurovskiy,Rooxo
11709,89,Longford,43,Michel Sanper,4,Oslo,Fivebridge
11710,65,King Lear,80,Justina Lerwill,9,Gesikan,Twinder
11711,42,Dad,58,Renelle Marl,7,San Antonio,Browsebug
11712,80,Quadrophenia,13,Rora Freeman,1,Jalingo,Meemm
11713,51,Ladybird Ladybird,77,Morna Anwell,9,Dawwār Tīnjah,Devpoint
11714,76,Who Am I (Kein System Ist Sicher),28,Bartholemy Cleminshaw,1,Changxingbao,Janyx
11715,31,The Great Alligator,89,Lauren Roofe,8,Bokoro,Skidoo
11716,67,Jab We Met,31,Clementia Beresford,9,Štore,Edgeblab
11717,3,Anne of Green Gables: The Sequel (a.k.a. Anne of Avonlea),26,Albert McKeney,8,Sofádes,Skimia
11718,74,For Those in Peril,56,Vincenz Dingivan,1,Palykavichy Pyershyya,Dabshots
11719,50,Lovelace,35,Kelli Cogman,1,Saint-Étienne,Fadeo
11720,94,In Too Deep,30,Gregor Chiplin,3,Agara,Tagfeed
11721,61,Jacob's Ladder,19,Ambur Grizard,6,Radlje ob Dravi,Youbridge
11722,61,In Our Garden,68,Carmencita Skirlin,10,Kindersley,Npath
11723,18,On the Edge,49,Monroe Town,1,Ngulung Wetan,Photolist
11724,70,Crimes and Misdemeanors,54,Terri Lathey,2,Hamburg,Flashdog
11725,57,"Bright Lights, Big City",84,Shirleen Surfleet,1,Burtunay,Browsetype
11726,86,Every Stewardess Goes to Heaven (Todas las azafatas van al cielo),66,Jacquenette Dempster,7,Chojna,InnoZ
11727,55,Secretariat,26,Tandie Catlette,7,Zhonghe,Leexo
11728,32,Shadow of a Doubt,76,Katleen Aysh,5,Usu,Yadel
11729,34,Going Down in LA-LA Land,76,Carver Cornil,5,Añelo,Quatz
11730,60,"Grave Decisions (Wer früher stirbt, ist länger tot)",90,Donall Rumke,3,Lazaro Cardenas,Voomm
11731,48,Where the Road Meets the Sun,56,Ingaborg Ponte,10,Hexi,Fivebridge
11732,28,Code Name Coq Rouge,96,Sada Greenrodd,2,Salingogan,Topdrive
11733,22,Ugly,74,Jephthah Peplaw,7,Quangang,Edgeblab
11734,3,He Knows You're Alone (a.k.a. Blood Wedding),33,Lanni Gayforth,5,Rudnya,Quatz
11735,7,"Rink, The",98,Porty Cusick,1,Wonopringgo,Twitterbeat
11736,79,Safe Men,73,Loreen Stanbury,9,Verkhniy Dashkesan,Yadel
11737,91,"Sound of Insects, The",82,Emmott Donald,1,Dangmu,Meezzy
11738,10,Gleaming the Cube,13,Melli Gingold,9,Kaliwates,Layo
11739,62,Anything Goes,38,Brien Braisby,1,Kurów,Rooxo
11740,53,Gamera the Brave,74,Raina Castelletti,8,Bouabout,Devcast
11741,87,Paris 36 (Faubourg 36),39,Janis Baudone,5,Puerto La Cruz,Mita
11742,5,Amateur,40,Nalani Zoanetti,8,Heshui,Avamm
11743,76,Venice/Venice,63,Rem Shemmans,8,Orodara,Kare
11744,16,Moonfleet,26,Oona Lavell,5,Paraíso das Águas,Yakitri
11745,40,At Any Second (In jeder Sekunde),54,Shauna Longrigg,4,Kushchëvskaya,Voomm
11746,92,Double Impact,2,Mata Halleday,2,Basa,Kamba
11747,66,"Last Exorcism Part II, The",65,Correy Utley,8,Chum Phuang,Meevee
11748,90,Torrente 5: Operación Eurovegas,90,Marve Sturror,5,Chiang Mai,Bluezoom
11749,18,Dane Cook: Vicious Circle,19,Gardiner Blunsen,9,Zgurovka,Pixoboo
11750,17,Chronicle of the Years of Fire (Chronique des années de braise),79,Rem von Nassau,8,Bagay,Zoozzy
11751,19,Saving Sarah Cain,48,Stanton Wakeman,2,Schiedam postbusnummers,Aibox
11752,60,Vodka Lemon,68,Sascha Curedale,5,Balahovit,Tagcat
11753,5,Haunted Honeymoon,24,Kittie Zieme,7,Buenaventura,Lazz
11754,4,Letter from an Unknown Woman,56,Cary Regi,5,Havlíčkův Brod,Innotype
11755,75,Season of the Witch,33,Pet Strooband,1,Sifangxi,Meedoo
11756,84,"Oh, God! Book II",29,June Slaten,4,Varginha,Quire
11757,67,Citizenfour,41,Jeromy Claesens,4,Semboropasar,Voonder
11758,73,Lili,76,Meir Lindenfeld,2,Sanxing,Tanoodle
11759,78,American Hardcore,25,Rhodie Avrahamoff,6,Silongin,Shufflebeat
11760,70,Fired Up,37,Codee Santhouse,2,Navoiy,Zoonoodle
11761,28,The Magnificent Trio,84,Bentlee Poulden,10,Orléans,Trudeo
11762,85,Chasing Amy,80,Cleopatra Doud,10,Reggada,Agivu
11763,31,Imaginaerum,25,Anna-diane Willan,4,Mutengene,Einti
11764,66,Night Train,56,Micheline Orpwood,10,Petrovice u Karviné,Fatz
11765,51,"Spirit of St. Louis, The",56,Tobey Bracknell,10,Kitango,Divape
11766,72,Peculiarities of the National Fishing (Osobennosti natsionalnoy rybalki),17,Herb Freake,8,Sámara,Tambee
11767,71,"Most Wanted Man, A",55,Ailey Mitchenson,1,Tucupido,Shuffledrive
11768,33,Son of Frankenstein,60,Hollyanne Newbury,5,Brochów,Eadel
11769,4,Jubal,74,Renaldo Scrane,5,Muravlenko,Youtags
11770,49,Hitman,74,Woodman Gourdon,7,Balengbeng,Avamba
11771,70,Saturn 3,52,Ailis Filer,7,Svetlanovskiy,Aibox
11772,67,Murder by Decree,91,Brew Franciottoi,9,Mojo,Livepath
11773,33,The Boogens,12,Jim Briffett,3,Kishi,Skimia
11774,10,Zaat,71,Elfreda Fever,4,Fëdorovskoye,Blogtags
11775,83,Eden Log,90,Valery Pickerill,2,Thị Trấn Cao Phong,Photospace
11776,33,Blume in Love,49,Abbi Wooding,3,Phú Thái,Npath
11777,35,Because of Winn-Dixie,5,Drucie Konke,3,Fulong,Abata
11778,93,Chouga (Shuga),79,Celia Skep,5,Rumbek,Oloo
11779,90,High Crimes,7,Tito Tassell,3,Kŭrdzhali,Quatz
11780,62,"Last Run, The",89,Luise O'Cahey,3,Sumqayıt,Tekfly
11781,68,Jackass Presents: Bad Grandpa,40,Aliza Hainey`,6,Margamukti,Mybuzz
11782,93,Now or Never,20,Hebert Cutajar,10,Al Hadā,Snaptags
11783,19,"Son of Monte Cristo, The",43,Tiphani Challiner,4,Reno,Twitternation
11784,91,Sanjuro (Tsubaki Sanjûrô),55,Vin Hearon,8,Golbey,Avavee
11785,11,Iron Man,96,Kattie Pyott,2,Täby,Youfeed
11786,9,"Convent, The (O Convento)",91,Merissa Ducker,10,Rosignol,Pixonyx
11787,12,American History X,45,Odelle Hickisson,10,Shihudang,Oloo
11788,68,"Family Man, The",79,Anthony Schimonek,3,Kalmunai,Skinte
11789,33,Twenty-Four Eyes (Nijûshi no hitomi),2,Noemi Zarfai,1,Congonhas,Jabberstorm
11790,17,Paranormal Activity 4,9,Demeter Dugdale,10,Maodao,Realbridge
11791,70,Schtonk!,74,Dickie D'Ambrogio,2,Iznoski,Lazzy
11792,35,Grace of My Heart,47,Calley Rawlin,6,Nora,Kayveo
11793,25,Poison,44,Ferrell Braley,7,Gonghe,Tagchat
11794,81,Richard III,85,Antoni Wasielewski,9,Dahao,Buzzdog
11795,56,Garbo the Spy (Garbo: El espía),22,Ulrika Lill,8,Lujing Zhen,Zoozzy
11796,63,"Profession of Arms, The (Il mestiere delle armi)",5,Greer Northgraves,4,Erada,Plajo
11797,28,Wal-Mart: The High Cost of Low Price,27,Moss Barnhill,7,Jingyang,Skiba
11798,73,Demetrius and the Gladiators,29,Guy Heintze,8,Kembé,Flashspan
11799,3,"Hunchback of Notre Dame, The (Notre Dame de Paris)",41,Tadeas Scoggans,5,Bagalangit,Yozio
11800,59,Bitter Creek,44,Gare Glasgow,2,Katima Mulilo,Chatterpoint
11801,2,"Personal History, Adventures, Experience, & Observation of David Copperfield the Younger, The (a.k.a. David Copperfield)",13,Ginelle Rydeard,9,Punkaharju,Divanoodle
11802,15,Ernest Goes to Africa,87,Lark Moran,2,Batambak,Skyba
11803,5,"Happy, Texas",23,Salvador Sudell,2,Kumalarang,Meevee
11804,40,Terms and Conditions May Apply,82,Bradford Rea,7,Ciudad Guayana,Jaxbean
11805,64,"Castle of Cloads, The (Pilvilinna)",17,Tabitha Thowless,8,Kalodu,Skiptube
11806,85,Cobra Woman,32,Babb Borrott,8,Fuxing,Camimbo
11807,21,Poolhall Junkies,29,Saunder Nisuis,1,Bojano,Kanoodle
11808,41,Cheaper by the Dozen 2,55,Oneida Bosley,4,Luleå,Oyoyo
11809,53,AM1200,34,Halsy Purseglove,5,Moriki,Mycat
11810,84,Bird,26,Edithe McCurley,10,Curahklapa,Wordware
11811,46,Rockin' in the Rockies,10,Vern Abbitt,7,Cergy-Pontoise,Mymm
11812,91,Until the End of the World (Bis ans Ende der Welt),35,Sheila-kathryn Branchflower,2,Bilqās,Flipbug
11813,74,Mississippi Grind,79,Corri Cardenosa,7,Julun,Fadeo
11814,94,"My Father the Hero (Mon père, ce héros.)",95,Elise Leyrroyd,9,Matangpayang,Jabbersphere
11815,29,Three Worlds (Trois mondes),78,Benedikt Girodias,9,Panjgūr,Yacero
11816,33,"Fabulous Baker Boys, The",45,Vita Huison,4,Mabilang,Eare
11817,28,Private Property (Nue propriété),8,Harriott McPhelimy,9,Shaami-Yurt,Buzzbean
11818,27,Dark Floors,74,Stacia O' Culligan,6,Bashtanka,Thoughtworks
11819,84,Begin Again,59,Bekki Gilardi,3,Baltiysk,Feedspan
11820,19,"Survivors, The",17,Doralia Glasscock,6,Shunling,Twitterbridge
11821,77,Of Time and the City,9,Hashim Comsty,6,Helsingborg,Kanoodle
11822,84,"Slipper and the Rose, The",35,Conney Fields,10,Kobleve,Flashpoint
11823,61,"Battle of the Sexes, The",50,Gottfried Neames,8,Marína,Feedfish
11824,4,Odgrobadogroba,85,Denys Klimowski,1,Annopol,Mydeo
11825,74,Encore,25,Page Battaille,10,Maddela,Skinder
11826,78,3 Ninjas Kick Back,97,Dilly Hackworthy,2,Argentan,Rhyloo
11827,52,Cannibal Holocaust,46,Leonhard Sail,2,Botucatu,Kwideo
11828,59,Island at War,57,Billy Garvey,5,Sunnyvale,Tekfly
11829,91,Jungle Fever,29,Sayres Marcinkus,4,Barretos,Eadel
11830,79,Joe Dirt,80,Brander Jochanany,7,Jaunpiebalga,Brightdog
11831,30,Turn Left at the End of the World (Sof Ha'Olam Smola),9,Thatcher Deviney,10,Kriel,Oba
11832,46,Voices,48,Ahmed Eglaise,6,Kalix,Rhyzio
11833,86,"Kiss Me, Stupid",36,Brittni Apperley,3,Tenggong,Skimia
11834,29,Raging Phoenix (Deu suay doo),56,Tedda Bovaird,2,Utrecht (stad),Skaboo
11835,96,Photos in the City of Sylvia (Unas fotos en la ciudad de Sylvia),99,Karlee Pucker,7,Daqin Tal,Babbleblab
11836,37,Quiet Flows the Don (Tikhiy Don),90,Wain Tideswell,6,Puerto Guzmán,Dabtype
11837,45,Tom and Jerry: The Movie,86,Amelia Starcks,3,Thị Trấn Trùng Khánh,Voonix
11838,74,Run,15,Dian Tite,1,Mayo,Jabbercube
11839,43,"Private Life of Henry VIII, The",54,Tobit Colerick,4,Lianhua,Riffpedia
11840,79,Jimi Hendrix,100,Mercie Hankin,3,Balong Wetan,Voonte
11841,37,Two if by Sea,59,Justine Baynton,7,Kalkal Barat,Zoomdog
11842,61,Crazy Beautiful You,24,Randal Lockley,2,Fenglin,Skivee
11843,22,Dakota Skye,44,Arturo Hadwen,10,Visoko,Divape
11844,7,Aningaaq,88,Mercedes Balbeck,7,Maracaju,Mudo
11845,37,Bugs Bunny's Looney Christmas Tales,24,Minny Shaudfurth,4,La Asunción,Brightdog
11846,19,Dead Within,48,Bradley Semmence,10,Saripin,Ooba
11847,39,Ice Castles,97,Quill Guesford,3,Lokoja,Tagopia
11848,41,Captain Mike Across America (Slacker Uprising),13,Saidee Lowthian,2,Thị Trấn Bình Mỹ,Devpoint
11849,58,Wolf Creek 2,30,Deane Eykel,4,Niort,Twitterbeat
11850,98,Are All Men Pedophiles,4,Zaneta Zimmermeister,9,Trinity,Buzzster
11851,60,Glue,57,Lexie Burrells,3,Cachipay,Dynava
11852,26,"No Retreat, No Surrender",86,Gerianne Ruzicka,4,Ludbreg,Meetz
11853,76,Dead Birds,80,Debby Gorini,8,Nglengkir,Skidoo
11854,79,"Gas, Food, Lodging",90,Stacey Maciaszczyk,8,Pruszków,Realmix
11855,77,Finisterrae,71,Zara Kirkman,9,Marintoc,DabZ
11856,36,"Christmas Carol: The Musical, A (Christmas Carol, A)",30,Fielding Trusty,1,Perené,Fliptune
11857,38,Taken 3,82,Micki Playdon,6,Pocrí,Tagopia
11858,61,War Stories,17,Doralynn Glasscoo,10,Ma’an,Topicware
11859,89,Perfectly Normal,26,Edd Wisby,1,El Aguilar,Thoughtmix
11860,30,Free Ride,98,Andros Exell,6,Maceo,Cogidoo
11861,56,"Serpent and the Rainbow, The",32,Virgil Todarini,4,Golina,Oyonder
11862,36,"Chamber of Death (Chambre des morts, La)",42,Lek Risebrow,9,Bondy,Eadel
11863,36,Ten Violent Women,91,Harmonie Morrant,7,Larnaca,Demimbu
11864,14,300 Miles to Heaven (300 Mil do Nieba),26,Cassandra Watson,10,Huangjiakou,Blogpad
11865,81,"Magnificent Seven, The",10,Marc Halbord,8,Pohrebyshche,Jaloo
11866,14,Hearts and Minds,63,Erin Shorten,9,London,Feedmix
11867,21,Nuts,99,Peta Griffitts,1,Margotuhu Kidul,LiveZ
11868,71,Gnomeo & Juliet,37,Doug Tomkins,10,Kudirkos Naumiestis,Livetube
11869,33,Bad 25,89,Leanora Maultby,5,Gembu,Kazio
11870,89,"China Syndrome, The",26,Tess Gudger,7,Štěchovice,Flashset
11871,55,Disorderlies,71,Hamish Ivakin,10,Zoumi,Topiclounge
11872,33,Restless (Uro),100,Clayborn Mitten,8,Klumpit,Shuffletag
11873,85,Dark Water,45,Ricca Beggini,9,Yulin,Feedbug
11874,72,"Lost Patrol, The",49,Gabbi Bourget,9,Kolor,Oyope
11875,40,Tadpole,95,Feodora Mc Faul,1,Casablanca,Quinu
11876,26,Kiss Me Kate,25,Marcella Gimson,9,Insiza,Meemm
11877,35,Basket Case 2,36,Eugene Kenyon,9,Palmasola,Tagopia
11878,98,"Ring, The",88,Esma Rush,7,Masuda,Jabberstorm
11879,33,Relationship Status: It's Complicated,91,Kaiser Durtnall,3,Bloomington,Voonyx
11880,95,Good Vibrations,100,Greggory Collete,8,Sundsvall,Jaxworks
11881,4,2:13,29,Lonnie Gorwood,1,Tariji,Flashspan
11882,47,Young Cassidy,33,Julienne Espinho,3,Kerep Wetan,Oyope
11883,95,Stars,13,Willette Feldmesser,9,Chenchang,Topicware
11884,37,Hansel & Gretel,15,Ossie Pickersgill,8,Paris 14,Wikizz
11885,84,Prom Night,14,Sylas Grice,9,Joinville,Edgetag
11886,62,Signs,55,Claudelle Walisiak,6,Nagrog,Jabbercube
11887,99,Kansas City Confidential,48,Orrin Coplestone,1,Dili,Jabberbean
11888,78,Northern Lights,49,Selina Repp,3,Kyaikto,Blogtag
11889,79,Li'l Quinquin,79,Leonerd Manchester,5,Malahide,Meezzy
11890,86,"Immortals, The",21,Caye Jochanany,10,Rudniki,Mydeo
11891,91,Mephisto,25,Henri Remer,3,Sørvágur,Skyble
11892,91,Independence Day (a.k.a. ID4),77,Kandy Willingham,4,Paledang,Feednation
11893,36,Lulu in Berlin,24,Morena Panting,9,Tanjay,Trunyx
11894,74,"Pelican, The (Le Pelican)",76,Cassey Stillert,5,Krasnapollye,Yabox
11895,2,Komodo,99,Jordan Venard,4,Katipunan,Thoughtstorm
11896,42,Tactical Force,72,Billye Bloxholm,6,Hunkuyi,Tagchat
11897,78,"Cuenca Crime, The (Crimen de Cuenca, El)",64,Norry McCrostie,4,Horrom,Jetpulse
11898,74,"Mind Reader, The",50,Terrye Nott,6,Suwałki,Dynabox
11899,51,Welcome to Macintosh,13,Celeste Sacks,1,Gobojango,Tagcat
11900,81,"Misérables, Les",3,Selena Metzel,7,Yangshan,Kimia
11901,61,"Tall T, The",54,Lainey Cote,7,Xiaojin,Yadel
11902,66,Hawaii,76,Ingamar Belasco,10,Juripiranga,Katz
11903,10,"Brats, The (Les gamins)",53,Claire Zumbusch,10,Petrovice u Karviné,Janyx
11904,81,Dying Breed,38,Audie Doylend,8,Bauru,Eabox
11905,68,I Am Comic,48,Whitman Backe,7,Teculután,Edgeblab
11906,32,Pitch Black,83,Kelsey Defty,8,Dubki,Flipstorm
11907,52,I Served the King of England (Obsluhoval jsem anglického krále),65,Yelena Redwing,5,São Domingos,Minyx
11908,94,"What's in a Name (Prénom, Le)",10,Bevon Zamora,8,Leiden,Ozu
11909,24,Double Dhamaal,4,Arty Rey,7,Venâncio Aires,Eimbee
11910,62,RiP: A Remix Manifesto,89,Timoteo Randell,8,Kannabechō-yahiro,Yadel
11911,24,"Tango Lesson, The",8,Hastie Ponsford,10,Huangni,Wordpedia
11912,61,I Think I Do,93,Emlynn Balaam,3,Jiulong,Digitube
11913,85,Chalte Chalte,53,Carmelia Grece,5,Tanjung Pandan,Buzzdog
11914,51,Ninja,66,Misti Schollar,4,Xihe,Wordify
11915,97,Väreitä,58,Brooks Ashborne,3,Levallois-Perret,Yoveo
11916,27,My Old Lady,2,Kaylil McGow,1,Nové Strašecí,Jaxnation
11917,81,Assault on Precinct 13,7,Mireille Larkin,4,Likiep,Meevee
11918,50,Captivated,76,Aleta Lias,10,Yanghu,Jaxnation
11919,60,"Lamp in the Dark; The Untold History of the Bible, A",14,Marget von Grollmann,4,Hekou,Gigazoom
11920,71,Volver,51,Alleyn O' Driscoll,8,Zhitang,Skipfire
11921,29,Ride the Pink Horse,67,Aron Timothy,7,Töreboda,Camimbo
11922,86,"Small Change (Argent de poche, L')",33,Corilla McSaul,7,Placer,Digitube
11923,34,"Land Before Time II: The Great Valley Adventure, The",10,Ev Eixenberger,10,Limon,Skibox
11924,7,Gimme the Loot,9,Bessie Polsin,2,Pajak,Yombu
11925,52,Man on a Ledge,90,Judy Torri,10,Tres Arroyos,Kare
11926,91,Borgman,77,Dugald Haste,6,Curepipe,Oodoo
11927,28,Straight from the Heart,29,Briano McAmish,10,Pingtang,Linkbuzz
11928,30,Tamara,89,Nevile Longson,2,Guáimaro,Zoonoodle
11929,43,Out of the Fog,91,Maryjane McCole,1,Austin,Lajo
11930,92,"Mistress of Spices, The",45,Ignacius Wadmore,8,Houston,Tagopia
11931,91,Repo Man,88,Britteny Corsham,2,Ngluwuk,Aibox
11932,80,"Makioka Sisters, The (Sasame-yuki)",16,Noel Mountfort,8,Morales,Avamm
11933,40,Already Dead,49,Hamil Lampitt,1,Malpique,Plajo
11934,76,Nicky's Family,60,Marjy Robertis,8,Vanadzor,Camido
11935,17,Life Stinks,82,Kermit Sibbe,5,Wielbark,Dynabox
11936,50,Chicken Run,51,Betteanne St Ledger,1,Lushikeng,Jaloo
11937,16,Cooperstown,36,Iolande Habeshaw,3,Bernardo de Irigoyen,Twitterbridge
11938,54,Puppet Master: The Legacy (Puppet Master 8),32,Saul Longshaw,8,Nora,Flipopia
11939,18,"Terror Within, The",48,Cris Lampen,7,Tenggong,Topicshots
11941,92,Hour of the Wolf (Vargtimmen),98,Melita Wharf,3,Papineauville,Minyx
11942,53,Departures (Okuribito),76,Jena Goede,4,Maisons-Alfort,Plajo
11943,17,Winners and Sinners (Qi mou miao ji: Wu fu xing),21,Olimpia Richens,5,Montor Timur,Vitz
11944,18,"Haunted Mansion, The",57,Teresa Causnett,6,Jeseník,Zava
11945,56,Endangered Species,37,Gonzales Dilley,9,Lamu,Feedspan
11946,30,Flying Tigers,12,Hartwell Rottcher,9,Gatbo,Tanoodle
11947,83,Indestructible Man,3,Corrie Gostling,6,Kavalerovo,Gigazoom
11948,4,High on Crack Street: Lost Lives in Lowell,68,Stefan Henighan,6,Hetang,Yata
11949,64,Vampire in Brooklyn,4,Darrel Runacres,5,Labnig,Twitterbeat
11950,25,Miracles - Mr. Canton and Lady Rose,41,Trueman Gatland,6,Orimattila,Youbridge
11951,93,Anguish (Angustia),60,Hunt Pevreal,1,Pajé,Mita
11952,26,"Apple, The (Sib)",78,Brandyn Jacobbe,3,Paraty,Twitternation
11953,35,Reap the Wild Wind,29,Beverlie Luca,4,Wangunjaya,Quinu
11954,63,Dog Days (Hundstage),56,Thomasine Stockwell,10,Vilarinho das Cambas,Leenti
11955,50,ATM,20,Del Cianni,1,Savannah,Oyonder
11956,15,Nurse 3D,94,Lindsay Lampart,9,Fundong,Latz
11957,31,Beachhead,46,Libbey Mabone,9,Guanxi,Divape
11958,76,Four Ways Out,58,Northrup Hudspith,3,Mosfilotí,Jaxworks
11959,33,Passion Play,39,Davida Pilbury,9,Kinsealy-Drinan,Miboo
11960,44,"Big Hit, The",27,Byron Sircombe,8,Lomintsevskiy,Browsetype
11961,29,Mystery of the Wax Museum,48,Dorice Maillard,8,Casal de Cambra,Twitterwire
11962,51,Shogun Assassin,37,Bronson Instrell,7,Quichuay,Photobean
11963,69,Born in East L.A.,88,Stillman Paxeford,1,Shemonaīkha,Skipfire
11964,35,Senna,81,Barnie Roughan,6,San Vicente,Blognation
11965,77,Miss Minoes,99,Milli Caudle,4,Yanjiang,Meezzy
11966,32,Storyville,53,Gonzalo Thebe,1,Sarandë,Twinte
11967,42,Marvel One-Shot: Item 47,90,Suzanna Karlowicz,4,Kaduketug,Yamia
11968,81,Scanners III: The Takeover (Scanner Force),27,Elysee O'Kenny,8,Camindangan,Chatterbridge
11969,40,Beautiful Creatures,11,Clarke O'Fielly,4,Wolfsberg,Yodel
11970,9,"I Hate Mondays, (Nie lubie poniedzialku)",28,Holt Ratlee,1,Erdaohe,Avamba
11971,68,"Hour of the Furnaces, The (Hora de los hornos, La)",37,Wilow Merwood,2,Tiwi,Trudeo
11972,9,Digging to China,59,Erskine Cuming,3,Duoxiang,Jaxnation
11973,85,The Fat Spy,60,Charmion Biner,3,Talisay,Oyoyo
11974,41,Derailed,2,Chlo Antonchik,7,Ricardo Flores Magon,Meemm
11975,22,Rock-A-Doodle,24,Angil Bahia,9,Longjumeau,Snaptags
11976,50,The Castle of Fu Manchu,21,Cornelle Boribal,10,Chernelytsya,Devpoint
11977,98,Ghost Town,48,Marilin Cheel,10,Semampirbarat,Jabberstorm
11978,57,"Last Sunset, The",58,Stafford Skace,3,Ayía Triás,Tagfeed
11979,74,Phenomenon,90,Didi Hubbart,3,Citeguh,Leenti
11980,82,Eaten Alive,77,Jedd Baudain,2,Bonnyville,Browsetype
11981,68,SS Camp 5: Women's Hell (SS Lager 5: L'inferno delle donne),15,Kial Silby,9,Tianzhen,Skilith
11982,72,Miracle Run,9,Florencia Poizer,2,Awsīm,Feednation
11983,87,Damage (Fatale),11,Ermengarde Duffrie,3,Yulao,Photobean
11984,16,Invisible Target (Naam yi boon sik),37,Crista Faughny,5,Solok Timur,Feedfish
11985,48,Sons of Perdition,45,Elfrieda Pringle,6,Baturaja,Dabshots
11986,7,I Accuse,43,Correy Corey,3,Oyan,Photobean
11987,32,"Bellboy, The",22,Ramona Deverock,5,Žlutava,Voonyx
11988,69,"Rita, Sue and Bob Too!",98,Aurora Blunderfield,1,Zielona Góra,Gabtype
11989,39,Days of Heaven,11,Suzy Rickasse,3,Savran’,Zoomcast
11990,74,From Justin to Kelly,2,Sandra Cothey,5,Xijiang,Skinix
11991,66,We Stand Alone Together,36,Britni Leak,9,Qiulu,Camimbo
11992,59,Hiding Out,94,Cordie Corbitt,4,Muting,Mydeo
11993,8,"Trip to Italy, The",61,Austine Shalcras,6,Neuilly-sur-Marne,Oyondu
11994,90,U2 3D,96,Katalin Litchfield,10,Osogbo,Oba
11995,87,Love at First Fight,58,Angeline Lambregts,6,Yunping,Trudoo
11996,62,Why Not? (Eijanaika),44,Alyosha Laphorn,10,Gjinoc,Leenti
11997,18,Blue Blood,10,Hertha Spillard,5,Mikołów,Yambee
11998,85,Tin Man,70,Ludvig Muxworthy,5,Buka,Thoughtworks
11999,19,Red State,79,Amabelle Aleksahkin,1,Sidem,Avamm
12000,99,"Overnighters, The",29,Derrick Molloy,7,Nanfeng,Kare
12001,39,Best of the Badmen,77,Zachary Domokos,9,Tawau,Jaxbean
12002,59,Angels in the Outfield,27,Quinn Ahearne,6,Erong,Fanoodle
12003,90,With Friends Like These...,23,Tammie Bever,6,Bobigny,Gabvine
12004,32,Demon Wind,23,Bernhard Joinson,7,Sassandra,Vidoo
12005,71,The Island,55,Roxanne Harnetty,7,Banī Zayd,Tagfeed
12006,95,Kill Me Later,17,Gaile Noulton,4,Ellinikó,Kwilith
12007,8,Persona,19,Arleyne Lavens,10,Klinan,Skinte
12008,57,Sugar Hill,83,Adolphe MacRedmond,9,Tadabliro,Katz
12009,6,After the Rain (Ame agaru) ,24,Veriee Mandeville,5,Altona,Edgewire
12010,9,"Killer Shrews, The",98,Craggie Wenderoth,9,Yukou,Devpoint
12011,38,Loaded,32,Marvin Conor,6,Hongxing,Voonix
12012,60,After Image (Seeing in the Dark),56,Paddie Vergine,2,Oslo,Jazzy
12013,71,Satan's Tango (Sátántangó),48,Wren Coad,5,Babatngon,Avavee
12014,19,Loving,74,Jannelle Husset,9,Pueblo Viejo,Dabjam
12015,20,Bride of Chucky (Child's Play 4),4,Celeste Wetherill,3,Xindeng,Thoughtblab
12016,54,Diary of a Lost Girl (Tagebuch einer Verlorenen),63,Ferris McCracken,9,Hannover,Zoombeat
12017,66,Stan Helsing,68,Gauthier Dutch,4,Coruripe,Mydeo
12018,46,Miss You Can Do It,59,Lucie Winsom,3,Shīeli,Skaboo
12019,56,Grim Reaper,21,Gideon Gidden,2,El Coco,Thoughtsphere
12020,21,You Ain't Seen Nothin' Yet (Vous n'avez encore rien vu),30,Baily Nabbs,1,Carrefour,Voonyx
12021,83,Adoration,90,Audre Lillgard,7,Banana Village,Snaptags
12022,83,Ilo Ilo,24,Geralda Renforth,10,Wugong,DabZ
12023,71,"After Dark, My Sweet",15,Humfrid Mulbry,8,Runan,Rhyloo
12024,16,Numbskull Emptybrook in the Army (Uuno Turhapuro armeijan leivissä),19,Virgie Dome,2,Ungsang,Jetwire
12025,5,"Express, The",57,Auroora Josofovitz,4,Hezuoqiao,Aimbu
12026,65,Christmas Story (Joulutarina),33,Devondra Fantonetti,6,Ruše,Eire
12027,52,Polskie gówno,2,Jessi Shacklady,5,Karangwungu Lor,Kwilith
12028,54,"Taking of Pelham One Two Three, The",30,Enos Abrahami,3,Cortes,Devpoint
12029,58,"Incredibly True Adventure of Two Girls in Love, The",77,Nathanial London,7,Jingtan,Zooxo
12030,33,Hands Across the Table,69,Janine Windrass,3,Abashiri,Cogibox
12031,20,Mediterraneo,51,Reynold Haythorn,8,Wan’an,Twiyo
12032,9,Police Academy,10,Mycah Cardon,2,Göteborg,Tagtune
12033,78,"Car 54, Where Are You?",90,Allix Warbeys,1,Baltimore,Vinder
12034,45,Alabama's Ghost,36,Alfie Portriss,9,Sena Madureira,Shufflebeat
12035,69,Killing Auntie (Zabicie ciotki),72,Monique Chrestien,7,Badarganj,Kare
12036,12,Stroker Ace,21,Chev Sommerland,7,Temara,Tagfeed
12037,84,Godzilla (Gojira),50,Waneta Eliyahu,2,Goiás,Trilith
12038,19,To Grandmother's House We Go,21,Oona Dolohunty,6,Doudleby nad Orlicí,Fivebridge
12039,29,Drunks,73,Belle Outerbridge,2,Borne Sulinowo,Myworks
12040,12,Incredible Rocky Mountain Race,23,Dulcy Greenside,9,Lynchburg,Pixope
12041,50,Free Willy 3: The Rescue,96,Andi Copland,2,Lianshi,Brainverse
12042,86,"Near East, The (El Proximo Oriente)",25,Corissa Huyge,6,Villa Altagracia,Edgepulse
12043,96,Burning Bright,6,Persis Pumfrett,8,Mori,Twitterlist
12044,100,"Tunnel, The (Tunnel, Der)",25,Enrico Ivashkov,1,Tukan,Photobean
12045,11,"Magic Christmas Tree, The",52,Linoel Kliemchen,2,Shinaihai,Gabtune
12046,86,To End All Wars,70,Millisent Brightie,1,Dongjiao,Roomm
12047,79,"Time of Your Life, The",12,Chaim Popham,4,Montréal-Ouest,Skinte
12048,73,Above the Law,68,Rhianon Cosgrove,5,Fovissste,Yacero
12049,6,"Railway Man, The",92,Alva Roo,9,Tmourghout,Edgeify
12050,19,Game of Chance (Onnenpeli),35,Arnold Kamiyama,1,Algeciras,Realbridge
12051,10,Here be Dragons,48,Alvin McCormack,8,Santol,Kimia
12052,40,Ocean's Eleven,94,Vikky Shirer,1,Hendala,Skiptube
12053,33,Asfalttilampaat,27,Chantal Cellone,4,Pyay,Plambee
12054,62,Bread and Tulips (Pane e tulipani),8,Kerry Czapla,7,Yangjiapo,Yodel
12055,1,Taking Woodstock,76,Maxy Kearn,6,Puerto San José,Cogidoo
12056,30,Doctor X,72,Ebony Thickpenny,7,Lospalos,Oodoo
12057,90,Chesty: A Tribute to a Legend,81,Pail Marrison,5,Hậu Nghĩa,Bluezoom
12058,74,"Hole, The (Dong)",69,Benedict Ranyelld,2,Köln,Snaptags
12059,76,Antboy,20,Joey Hunting,4,Chachagüí,Topiclounge
12060,34,"Bridal Party in Hardanger, The (Brudeferden i Hardanger)",87,Valerie Trewartha,4,Qiaotou,Lazz
12061,60,Linewatch,91,Witty Gainsbury,7,Langarūd,Pixoboo
12062,71,The Fat Albert Halloween Special,74,Ransell McFaul,10,Kyaikkami,Voonte
12063,53,Hotel Transylvania,45,Sylas Pilley,2,Changtang,Zazio
12064,63,Before Sunset,33,Beauregard Doust,10,Plaridel,Flipopia
12065,27,Hitler's Children,89,Rene Childs,3,Dobřív,Divavu
12066,74,We Don't Live Here Anymore,96,Caryn Lorens,1,Ingenio,Oyoloo
12067,60,Bee Movie,26,Desmund Carcass,1,Williston,Minyx
12068,41,"Synecdoche, New York",47,Indira Green,3,Vaughan,Centizu
12069,92,Black Sheep (Schwarze Schafe),10,Maryann Mingauld,3,Xiaomenjia,Meemm
12070,64,Lovely Molly,2,Harriet Sympson,6,Santa María del Real,Meemm
12071,71,Sharknado,49,Artie McCurrie,1,Murça,Wordware
12072,87,Alien Nation: Millennium,98,Laurent Telega,7,Lincoln,Realblab
12073,24,Spring Fever,42,Susana Whetton,4,Nangabulik,Tanoodle
12074,57,"Best Exotic Marigold Hotel, The",63,Sheelagh Mathiot,1,Kandana,Meetz
12075,61,Strange Brew,74,Javier McAusland,7,Colcabamba,Skimia
12076,55,Roll Bounce,55,Gisella Carleton,10,Karema,Tazzy
12077,32,One Good Cop,86,Kingsly Okie,6,Zhifang,Skimia
12078,59,Ain't Them Bodies Saints,42,Catlee Cutteridge,1,Halimaung Jaya (F-3),Shuffletag
12079,14,"Virginity Hit, The",7,Timothee Lettington,4,Sanjiao,Jaxspan
12080,51,"Rebel, The (Le Rebelle)",7,Veda Stillgoe,9,Gaoqiu,Yoveo
12081,82,It's Good to Be Alive,42,Peria Fisby,5,Eksjö,Izio
12082,31,Trader Horn,35,Diane Chown,4,Šardice,Youbridge
12083,87,"Broken Hearts Club, The",8,Janos Southcoat,5,Krikil,Tagchat
12084,3,Princess Aurora (Orora gongju),43,Lia Shovelbottom,8,Ciekek,Rooxo
12085,48,Inherit the Wind,20,Skyler Maillard,3,Belišće,Shufflebeat
12086,90,"Crow: Salvation, The",45,Merridie Easum,5,Káto Dhiminió,Zoomcast
12087,22,Labor Pains,68,Rikki Warrillow,4,Puubheto,Youtags
12088,63,Variety (Varieté),17,Gerald Blow,3,Ojo de Agua,Dynazzy
12089,13,Bye-Bye Bin Laden,64,Irving Bakewell,8,San Cristobal,Blogspan
12090,19,"Toy, The",83,Waring Losel,3,Bellavista,Oyoba
12091,42,Varg Veum - Fallen Angels (Varg Veum - Falne Engler),67,Clary Douse,9,Xinshui,Wordpedia
12092,96,Clockwatchers,19,Darin Hunnicutt,6,Szemud,Mydo
12093,84,"Nine Lives of Tomas Katz, The",30,Stefanie Bronger,9,Strasbourg,Wikizz
12094,90,Toward the Unknown,50,Brunhilde Pickthall,3,Cookshire-Eaton,Agimba
12095,53,The Deep Six,45,Trina Slay,9,Ar Rass,Yodoo
12096,26,Big,12,Chick MacFadyen,7,Kasama,Cogidoo
12097,63,"Contempt (Mépris, Le)",29,Cletis Galvin,1,Dresden,Thoughtstorm
12098,3,Terumae romae (Thermae Romae),77,Tate Haseley,3,Sionogan,Topiczoom
12099,56,Joe and Max,13,Sampson Lickorish,3,Ho,Browsetype
12100,44,"Kingdom, The (Riget)",83,Jada Goodrick,10,Sandaogou,Kimia
12101,40,True Crime,25,Tally Silver,1,Shitouhe,Dabfeed
12102,11,Sunset Park,91,Nadya Rowbottom,1,Vargem Grande,Tambee
12103,49,Chizuko's Younger Sister (Futari),98,Clemmy Wilkins,4,Bourg-en-Bresse,Quimm
12104,70,Puccini for Beginners,92,Patience Koba,1,Jincun,Avaveo
12105,74,"Secret Adventures of Tom Thumb, The",72,Jana Konertz,1,Dongfanghong,Twitterbridge
12106,58,"Fire Within, The (Feu follet, Le)",91,Lezlie Hoogendorp,1,Monte Branco,Jabberstorm
12107,98,A Second Chance,63,Salomo Gidley,5,Goge,Meembee
12108,23,Mama's Boy,4,Daphne Tibb,8,Salmi,Twimm
12109,99,Cashback,95,Tracie Abry,1,Zaozhuang,Edgeify
12110,80,Hunger,4,Diannne Saill,7,Chaman,Jaxworks
