book_barcode,book_call_num,book_title,book_accession_num,book_author,book_edition,book_publication_place,book_publisher,book_language,book_publication_date
0904-5891,6,Targets,52,Rana Bratt,2,Buliu,Flashspan,Ndebele,7/25/1919
0054-0392,100,"Dreamers, The",13,Michaelina Gillott,7,Herīs,Edgepulse,Ndebele,12/7/1947
0603-1481,81,3 Simoa,64,Karlan Jermey,4,Tabatinga,Skipstorm,Nepali,11/28/1911
51346-125,51,Boris Godunov,76,Uta Cossans,4,Paobokol,Roombo,Hindi,1/4/1932
52125-267,31,Father and Son (Otets i syn),91,Angelle O'Keaveny,7,Laranjeiras,Skiba,Burmese,5/9/2010
68828-048,88,"Happenstance (Battement d'ailes du papillon, Le)",31,Winfred Brigdale,6,Jenamas,Voolia,English,9/1/1929
55504-0432,36,"Story of Marie and Julien, The (Histoire de Marie et Julien)",41,Sashenka Beament,5,Nubma,Mudo,Sotho,8/18/1960
49348-224,28,Baby Boy,94,Osgood Baruch,3,Bāglung,Vipe,Yiddish,7/31/1936
43857-0107,26,"Premature Burial, The",9,Arliene Halleday,8,Kidangbang,Kamba,New Zealand Sign Language,12/6/2003
0641-6050,21,Angels Crest,26,Terrell Oager,3,Biao,Dynazzy,Finnish,8/22/1942
98132-169,87,Waco: The Rules of Engagement,27,Shauna Selliman,2,Safi,Mydeo,Gagauz,3/8/1901
41163-076,5,Invaders from Mars,9,Berne Looker,9,Buritizeiro,Youtags,Greek,12/30/1952
54473-183,63,The Suspicious Death of a Minor,48,Rocky Treadgold,2,Peuara,Dazzlesphere,Tsonga,12/11/1928
55154-4738,42,Tenderness,6,Benjy Higbin,9,Mora,Minyx,Marathi,4/11/1938
52731-7040,15,Grassroots,98,Delly Sporle,10,Feričanci,Feednation,Bislama,2/7/1983
52584-495,53,Two Lovers,97,Katine Guilford,8,Sanqiao,Fanoodle,Kannada,10/6/1921
0378-1640,51,"Barrens, The",91,Aurora Murrigan,2,Chinú,Vitz,Icelandic,11/4/1924
50436-0132,6,Robot,20,Kendre Duhig,6,Ditang,Browseblab,Swati,2/28/1964
68803-612,73,Carbon Nation,79,Abby Kobierzycki,4,Poykovskiy,Brightbean,New Zealand Sign Language,8/31/1925
68516-5216,99,Oki's Movie (Ok-hui-ui yeonghwa),17,Emmery McGrirl,2,Artsvaberd,Meedoo,Indonesian,1/5/1916
66854-016,49,Under the Bombs,6,Stevena Pinnere,8,Pashiya,Oba,Spanish,4/1/2008
21695-332,14,"Ugly American, The",83,Jillana Allsep,4,Huacheng,Pixonyx,Luxembourgish,5/9/1988
63629-2573,36,"12 Dogs of Christmas, The",32,Andris Brinded,1,Velké Meziříčí,Centizu,Catalan,2/19/1950
52533-008,54,Chicago Cab (a.k.a. Hellcab),29,Edgardo Gilardoni,7,Vannes,Zoonoodle,Bosnian,9/9/1999
37000-347,38,Kill the Irishman,33,Jack Curnokk,4,Silab,Mycat,Macedonian,9/2/1934
68084-443,80,"Dead Pool, The",34,Myrtia Twine,2,Miłosław,Jazzy,Maltese,1/10/1907
0555-0763,43,Saw II,74,Ransell Tierny,7,Visoko,Shufflester,Polish,4/7/1983
66538-101,71,The Boyfriend School,31,Iona Lavell,8,Surami,Twitterbridge,Dutch,2/21/1985
52125-157,47,Jane Austen in Manhattan,31,Brent Drable,1,Przyborów,Feedfish,Mongolian,5/3/1991
76250-595,7,Reckless,52,Mame Dodge,3,Kalmar,Nlounge,Kyrgyz,11/29/1946
68788-9537,20,Innocence,99,Sarah Moorcroft,2,Kowale,Devshare,Afrikaans,4/7/1954
54868-2414,81,Madame Butterfly,54,Lane Deniscke,1,Strum,Vitz,Lao,6/17/1900
59886-413,40,Victory,95,Iorgo Rockhill,9,Chaniá,Avavee,Albanian,12/9/1920
42254-266,25,Serenity,68,Pierson Goadby,2,Ogurugu,Riffwire,Somali,4/28/1944
57627-152,49,Bloodsuckers,7,Gabrila Gracewood,8,Kraslice,Flipstorm,Swedish,1/15/1955
62037-864,11,Doctor at Large,96,Herrick Rosie,8,São Luiz Gonzaga,Mybuzz,Quechua,9/5/1956
50268-597,9,Endangered Species,51,Aggy Peracco,10,Nouaseur,Eimbee,Georgian,11/6/1967
59535-1901,77,Momma's Man,43,Thomasina Cay,8,Sindangsuka,Divavu,Dzongkha,6/15/1984
0113-0002,3,"Dry White Season, A",33,Karlik Pont,8,Olenegorsk,Eidel,Pashto,10/22/1917
49967-489,18,Ice Quake ,42,Thebault Hillhouse,8,Kayakent,Rooxo,Dhivehi,3/8/1924
76282-274,60,Buddy Buddy,58,Myriam Pendle,3,Nizhniy Tagil,Flipbug,Tsonga,7/11/1907
49349-927,57,By the Sword,19,Vernor Fasler,5,El Cacao,Oozz,Estonian,11/15/1960
52125-281,63,Seance on a Wet Afternoon,14,Dora Weighell,2,Karangtawar,Photobug,Kashmiri,12/18/1932
68788-9895,69,Murphy's Romance,32,Kim McGoogan,7,Luleå,Jetpulse,Finnish,6/21/2019
30142-424,36,All the Young Men,63,Constantine Heintze,2,Flic en Flac,Twitterworks,Catalan,8/26/1927
46122-118,82,Fire in the Sky,61,Devora Bridgement,7,Corroios,Thoughtstorm,Khmer,8/7/1931
33992-4947,16,"Cincinnati Kid, The",48,Kelli Ashingden,10,Ibagué,DabZ,Montenegrin,1/13/1925
0713-0640,10,State Property,3,Ode Bramhall,10,Náklo,Mymm,Amharic,8/9/1950
0009-0059,66,SLC Punk!,56,Rosetta Fleming,6,Muyinga,Bubbletube,Oriya,10/19/1978
68703-078,28,Born American,56,De Bloxsome,6,Sungaigerong,Meevee,German,7/29/1956
55154-6031,6,High Hopes,17,Farra Dreher,5,Huangtang,Tagopia,English,2/3/1907
70253-519,54,American Virgin,39,Cornelius Havock,5,Velké Opatovice,Oyoyo,Portuguese,3/3/1978
55315-121,89,Mishima: A Life in Four Chapters,18,Dina Bergin,7,Khafizan,Zava,Kannada,10/28/2021
50383-282,89,True Confessions,33,Amalie Baroche,7,Kosów Lacki,Jabbercube,Assamese,1/8/1938
0268-0161,66,Apartment Zero,16,Rufe Raith,6,Houston,Eadel,Mongolian,9/4/1950
52125-374,72,"League of Their Own, A",95,Howard Gerriet,1,Kuala Terengganu,Bubblemix,Kyrgyz,2/25/2017
63783-008,28,Nobody Will Speak of Us When We're Dead (Nadie hablará de nosotras cuando hayamos muerto),65,Catlee Ludewig,9,Frederiksberg,Zoomzone,Gujarati,12/27/2015
46122-125,29,Fingers,74,Moshe Audley,10,Leninskoye,Quinu,Swahili,4/30/1936
76354-013,88,The Importance of Being Earnest,92,Danila Swanne,6,Hexiangqiao,Abatz,Māori,1/1/1974
63323-307,61,"Self-Made Hero, A (Un héros très discret)",57,Jesus Baudone,9,Pindi Gheb,Zoonoodle,Indonesian,7/20/1962
43742-0095,92,He Got Game,50,Edythe Broz,10,Flandes,Voolith,Pashto,2/14/1953
45861-014,61,"Perils of Pauline, The",22,Verile Harroway,8,Kandun,Jaxspan,Estonian,5/8/1954
0310-0105,99,"Rocket, The (a.k.a. Maurice Richard)",37,Dahlia Anyon,8,Yaotian,Gigashots,New Zealand Sign Language,7/26/1958
11523-7338,30,Love and Death on Long Island,38,Garrott Tiery,5,Illushi,Skibox,Japanese,10/23/1939
68645-150,37,Dark City,94,Rhys Aldwinckle,4,Daxing,Skyba,Gujarati,7/27/1931
10019-925,84,"All This, and Heaven Too",37,Nickey Bonas,3,Muyi,Skipstorm,Montenegrin,12/23/1906
62742-4037,95,Three Guys Named Mike,26,Nikolia Orgen,8,Gelan,Mita,Indonesian,12/12/1967
59746-020,58,Stand Up and Fight,51,Catherin Cicculini,3,Mikhaylovsk,Rhyzio,Thai,9/3/1976
54868-5001,27,Flight of the Phoenix,43,Donny Brannan,7,Dumandesa,Divavu,Chinese,1/29/1931
14783-318,17,Chained Heat,3,Amery Shurlock,4,Gengcheng,Aivee,Tamil,1/21/1982
54868-3107,87,Delicacy (La délicatesse),85,Naomi Blaza,8,Jiang’an,Buzzdog,Dutch,8/4/1936
21130-416,43,Sleuth,87,Leeann Dowers,8,Vyzhnytsya,Ooba,Malay,3/14/1992
63187-034,98,Cord (Hide and Seek),33,Ewan Hirtz,2,Orimattila,Livetube,Malayalam,5/8/1972
11673-180,5,Scorcher,59,Corrianne Bertot,3,Donggu,Zooxo,Ndebele,4/27/1979
52125-477,92,Beverly Hills Chihuahua 3,69,Karisa Lamy,6,Salcedo,Aimbo,Filipino,6/10/2021
43376-250,4,Running from Crazy,25,Andy Arnatt,6,Jombang,Buzzdog,Croatian,9/21/1986
50845-0125,12,Trouble Every Day,40,Urbanus Troke,8,Nanguzhuang,Kazu,Gujarati,9/3/1922
62565-904,77,Hysteria: The Def Leppard Story,7,Konstanze Pisco,4,Quận Năm,Quaxo,Assamese,9/2/1974
42421-716,90,I Dream Too Much,73,Herrick MacCleod,9,Horodyshche,Voonder,Croatian,8/25/1943
68788-9708,62,Albino Alligator,16,Barbie Utley,6,Hiji,Kimia,Arabic,12/25/1959
0363-0208,81,Tribes,39,Cory Eddis,8,Sá,Wordware,Kannada,11/21/1906
65954-007,88,Harry Potter and the Order of the Phoenix,28,Mildred Cowill,1,Changyuan,Skinix,Finnish,11/28/1953
65862-490,76,Shaolin Temple (Shao Lin si),88,Jessa Prozescky,9,Galitsy,Blogtag,Aymara,2/22/1912
63323-317,96,Dark Horse,71,Donia McPeake,3,Qinggang,Oodoo,Irish Gaelic,5/26/1985
25021-823,54,They Bite,1,Waly Oganian,2,Bukonyo,Skipstorm,Spanish,12/14/1921
52731-7027,47,"Fistful of Fingers, A",68,Nikola Tabord,4,Arroio Grande,Latz,Dutch,1/12/1965
50458-560,17,Capone,32,Cosetta McKirton,7,Brodósqui,Linkbuzz,Malay,12/6/1979
0641-6071,17,"Klansman, The",27,Trstram Gillogley,7,Fengjia,Katz,Pashto,12/23/1987
62670-4796,69,Chori Chori Chupke Chupke,91,Rozanne Quillinane,10,Cadagmayan Norte,Yodel,Irish Gaelic,12/12/2006
44911-0007,37,"12 Dogs of Christmas, The",100,Zarah Haysman,10,Vallehermoso,Gabtype,Tajik,7/21/2010
0615-7657,46,"Love on the Run (Amour en fuite, L')",61,Shelley Bremmell,6,Yarabamba,Meedoo,Norwegian,1/17/1911
36800-824,10,A Chinese in a Coma,42,Caprice McGoogan,2,Mkushi,Meevee,Tajik,10/24/1906
0395-0527,88,K.G. (Karate Girl),13,Hesther Iglesias,6,Aurora,Yadel,Czech,4/19/1910
13733-050,42,"Arrow, The",75,Cliff Rubinowitz,8,Sydney,Browsezoom,Swati,7/31/1910
62699-2212,41,"World of Suzie Wong, The",56,Barnard Shemming,7,Zhouxi,Eadel,Burmese,3/11/1965
0781-5627,49,"Resurrected, The",94,Nikolia Stanway,10,Haoxinying,Feednation,Bulgarian,6/18/1906
48951-4022,4,Gabriel Over the White House,74,Shandeigh Shurmer,8,Viedma,Jabbertype,Portuguese,11/18/1961
49348-233,1,What Doesn't Kill You,74,Ruddie Brashier,4,Sehwān,Skyndu,Irish Gaelic,8/15/1982
10812-352,74,Love Jones,36,Dietrich Andreia,1,Bodø,Oyondu,Norwegian,12/18/1968
49288-0769,10,Jealousy,97,Pryce Carnew,7,Changping,Shuffletag,Fijian,8/20/2006
54868-6358,45,"Selfish Giant, The",58,Rollins Pales,4,Beverwijk,BlogXS,Chinese,4/16/1977
68220-143,7,Romasanta: The Werewolf Hunt,43,Jessalyn Mayou,3,Faeanak Dua,Flipstorm,Luxembourgish,11/28/2009
64159-6974,90,"Day After Tomorrow, The",73,Elihu Caze,2,Malishka,Eamia,Quechua,6/29/2001
49288-0486,84,Libel,77,Hagen Harsum,1,Vagonoremont,Ainyx,Thai,10/22/2001
13537-040,35,Aelita: The Queen of Mars (Aelita),40,Parke Bampfield,10,Klina,Dynabox,Montenegrin,11/28/1923
0206-5501,29,Shrek 2,55,Sara Coryndon,8,Vacha,Thoughtblab,Guaraní,1/28/1967
24236-860,14,Snow White: A Tale of Terror,59,Sarina Jeynes,5,San Felipe Old,Skiptube,Polish,11/27/1971
60505-2529,38,Great Expectations,75,Lacee Stacy,2,Čortanovci,Fadeo,Dutch,4/25/1990
64117-121,2,Major Barbara,31,Charisse Milnthorpe,6,Wentugaole,Mydo,New Zealand Sign Language,9/26/1995
10191-1841,68,Comic Book Confidential,85,Lana Thynne,9,Gaoxu,Twitterbeat,English,5/22/1906
52533-024,74,The Questor Tapes,1,Aubrey Caswall,10,Dandian,Meevee,Spanish,5/15/1925
41163-872,72,Dave Attell: Captain Miserable,80,Mariellen Slate,8,Laraos,Twitterworks,Finnish,1/29/2005
52686-344,22,Celine: Through the Eyes of the World,71,Ermin Yakob,1,Sayḩūt,Centimia,Persian,9/21/1965
55154-7352,76,"Message from Akira Kurosawa: For Beautiful Movies, A (Kurosawa Akira kara no messêji: Utsukushii eiga o)",58,Annabela Ambrosi,7,Itō,Cogilith,Ndebele,1/28/1969
51672-1302,36,Homework,95,Willard Tothacot,6,Ozorków,Livetube,Czech,4/18/1994
55312-359,65,Dragon Hunter,14,Lissy Le Conte,4,San Luis,Mydo,Malay,9/30/2010
60429-164,68,Thousands Cheer,54,Junie Siggin,3,Madara,Camimbo,Northern Sotho,6/29/1936
76237-252,39,If Looks Could Kill,39,Bernete Giaomozzo,6,Dazhigu,Meezzy,Oriya,12/28/1965
42961-010,78,Comrades: Almost a Love Story (Tian mi mi),98,Irene Mirando,4,Daugavpils,Eazzy,Somali,3/4/1983
14783-327,9,Pepe,12,Winnie Ronchi,2,Široki Brijeg,Linktype,Ndebele,1/8/1904
55289-816,59,"Truman Show, The",9,Saxe Clout,1,Maria,Centimia,Haitian Creole,12/1/1951
36987-2891,55,"Polar Express, The",47,Evelin Shelton,4,Las Tunas,Avavee,Bengali,5/29/1991
63481-613,89,Two Hands,64,Livy Atcherley,6,Yajiang,Ntags,Aymara,2/17/1953
51393-6988,42,Steal a Pencil for Me,2,Brewer Nairn,6,Sandao,Tagtune,Papiamento,2/25/1980
52125-674,48,Mary Reilly,85,Janos Flaubert,7,Parnaíba,Tagcat,Tswana,3/1/1913
10337-163,95,"House, The (A Casa)",79,Aloin Currell,9,Fershampenuaz,Babblestorm,Somali,3/1/1959
0406-0125,9,Dog Soldiers,79,Arlen Dalloway,1,Rudy,Blognation,Latvian,3/2/2007
37205-372,12,Hell Is Sold Out,4,Eberhard Banger,4,Kapitanivka,Quaxo,Luxembourgish,11/16/1957
61328-004,21,Mujhse Shaadi Karogi,77,Chadd Weathey,8,Savonranta,Feednation,Bislama,8/24/1980
55154-5431,48,I'll Do Anything,58,Corey Guest,3,Baliuag Nuevo,Buzzster,Catalan,8/30/1936
67046-460,36,My Prairie Home,1,Warren Pena,10,Neepawa,Eadel,Indonesian,8/13/1928
55910-391,90,"New Rulers of the World, The",79,Antoinette Mylechreest,9,Zhanghua,Oozz,Kazakh,2/28/1952
59088-851,71,Dirty Sanchez: The Movie,6,Aurthur Bramo,3,Nice,Jamia,Assamese,9/9/1994
68703-033,44,Mother (Mat),46,Christian Bordman,9,Baoyang,Jatri,Luxembourgish,10/8/1923
36987-3292,51,"Counterfeit Traitor, The",74,Appolonia Benardet,10,A dos Cunhados,Kwilith,Italian,3/15/1924
76176-017,18,Pretty Maids All in a Row,91,Davy McLeish,5,Milwaukee,Mymm,Icelandic,11/30/1900
16590-119,2,Separate Lies,15,Boris Bruck,8,Mramani,Blogpad,Finnish,1/13/1907
13537-247,64,La Putain du roi,8,Simmonds Peyes,7,Hongjiang,Skinder,Chinese,3/1/1909
0395-1667,99,Half Baked,57,Emmit Kimbly,8,Nguékhokh,Feedmix,Yiddish,9/24/2011
0264-9999,55,Uprise,1,Tobe Darrington,7,Sovetskoye,Feedfire,Lao,2/3/1909
0078-0127,8,"Car 54, Where Are You?",87,Sigismund Soden,10,Wolometang,Fanoodle,Belarusian,8/29/1967
60512-0002,52,"Hello, Dolly!",88,Riobard Rookesby,10,Jiuxian,Brightdog,Korean,4/25/1998
37205-603,15,"Last House on the Left, The",15,Hanan Hawe,7,Xingcheng,Zooveo,Croatian,4/18/1933
67172-014,35,Foreverland,97,Dennis Brognot,9,Charenton-le-Pont,Ntag,Somali,11/15/1928
36987-1230,37,"Immigrant, The",17,Wandie McKmurrie,3,Velika Kladuša,Brainbox,Burmese,6/4/1935
17271-205,32,Viva Villa!,52,Elvin Hallor,9,Itapuranga,Kwideo,Hiri Motu,10/30/1999
0228-2899,24,It Had to Be You,99,Charlot Ortiger,10,Mancha Khiri,Flipstorm,Afrikaans,6/6/1970
36987-2613,70,Max Payne,60,Solly Vlies,4,Isheyevka,Divanoodle,Burmese,11/1/1947
63402-190,79,Burrowing (Man tänker sitt),18,Barton Keveren,5,Partang,Photojam,Bengali,6/6/1999
55045-3848,80,Electroma,25,Nikos Menichillo,9,Mjölby,Fadeo,Telugu,6/1/1999
62032-129,43,Gardens of Stone,46,Philip Tonbridge,1,Köyliö,Lajo,Hiri Motu,1/3/1935
0054-3727,23,"Principal, The",19,Humbert Autry,9,Golynki,Topicblab,Malayalam,3/3/1911
54973-2907,94,Secrets,53,Brigid Pitkeathly,3,Zhenxi,Brightbean,Greek,5/8/1921
64613-0456,29,Arthur Newman,35,Gib Aps,2,Komenda,Shufflebeat,Afrikaans,11/5/1978
11980-801,24,Circle of Eight,49,Clea Laycock,5,Nová Role,Roodel,Khmer,8/7/1984
54575-978,83,Love in the Afternoon (Chloe in the Afternoon)  (L'amour l'après-midi),93,Sayre Lochrie,7,Santaluz,Chatterpoint,Kashmiri,2/13/2012
68479-804,18,American Swing,52,Bartolemo Demanche,5,Wucun,Tanoodle,Haitian Creole,11/11/1934
66097-006,6,Annie Get Your Gun,18,Arabela Ugo,8,Saint-Louis,Gabvine,Gagauz,5/5/1914
45014-150,29,The Admirable Crichton,61,Kakalina Aiston,5,Blizne,Wikizz,French,6/28/2010
50436-0195,88,Little Accidents,82,Tommie Kellen,7,Thepharak,Kwimbee,Sotho,11/6/1924
68788-9704,77,Suture,89,Beulah Schieferstein,2,Nanfeng,Skippad,Latvian,10/23/1922
63981-130,64,"Outside Man, The (Un homme est mort)",66,Gill Pietrasik,10,Balogo,Jazzy,Somali,12/8/2008
52862-020,90,"Intended, The",19,Mona Long,5,Huskvarna,Pixonyx,Kazakh,10/21/1917
10578-018,4,They Wait,49,Albie Langlais,8,Bolgar,Kayveo,Indonesian,11/25/1919
0085-0962,43,Beginning of the Great Revival (a.k.a. The Founding of a Party),63,Maye Crighton,3,Az Zawr,Pixope,Luxembourgish,7/26/1974
55154-2026,6,Dead of the Nite,25,Daphene McKillop,5,Rungis,Meembee,Moldovan,1/1/1920
0574-0121,6,Films to Keep You Awake: The Baby's Room (Películas para no dormir: La habitación del niño),7,Chan Greengrass,9,Västerås,Youbridge,Maltese,2/9/1981
51367-013,28,"Atomic Brain, The",53,Kareem Littlemore,9,Nedašov,Camimbo,Kazakh,9/24/1936
0615-3508,68,"Girl with the Red Scarf, The (Selvi boylum, al yazmalim)",87,Kelby Tully,5,Hougang,Blogspan,Tok Pisin,6/3/1910
15310-090,69,"Married Woman, A (Une femme mariée)",95,Mack Dur,8,Wukari,Aimbo,Tswana,8/18/1979
45167-030,76,The Deep Six,54,Galen De Michetti,6,Brnaze,Edgetag,Amharic,1/2/1986
52125-671,35,"Myth of the American Sleepover, The",13,Margo Youhill,3,Korsze,Kaymbo,Thai,4/17/1992
0591-3223,27,Bambi Meets Godzilla,21,Berty Styles,1,Bendoroto,Izio,Assamese,3/4/1980
66096-678,47,Napoléon,38,Vasili Hinkensen,6,Tha Tako,Zoomcast,Māori,5/23/1979
64942-1086,56,This American Journey,76,Pietrek Le Friec,10,Toba,Quatz,English,6/3/1996
0409-7241,57,Bright Victory,23,Judon MacGarrity,5,Campbellton,Eimbee,Bengali,12/17/1917
0054-0210,50,Duets,98,Ingar Pescud,10,Grzmiąca,Viva,Albanian,7/4/1979
64238-515,56,Rent-a-Kid,89,Grange Quiddinton,6,Francisco I Madero,Wikido,Macedonian,1/14/2005
11523-4326,67,True Lies,45,Alidia Philippson,7,Datan,Jamia,Nepali,1/17/1960
61958-0403,89,Love Potion #9,90,Francisco Diben,7,Changtian,Einti,Swati,9/19/1969
58232-0211,20,Ricky Gervais Live 4: Science,11,Dannel Inchan,6,Nouakchott,Jamia,Haitian Creole,3/25/1920
49998-332,95,Alex and Emma,85,Hall Schimoni,10,Los Ángeles,Skiptube,Kyrgyz,9/21/1945
0268-6189,30,"'burbs, The",38,Dianna Goodley,1,Mahates,Kwimbee,Norwegian,12/3/1914
49348-155,75,"Black Waters of Echo's Pond, The",7,Bear Dugald,7,Rāwandūz,Flipbug,Finnish,7/19/1943
59779-328,72,"Day of the Jackal, The",73,Jeddy Habron,2,Virginia Beach,Quinu,Malagasy,2/24/1967
63629-4096,33,Forever Strong,57,Gibb Liddel,10,Beaverton,Ntag,Macedonian,9/4/2002
0006-4995,28,"Promise, The (Wu ji)",59,Karon Farady,2,Huangshi,Flashpoint,Irish Gaelic,8/12/1919
52584-031,11,"Story of Seabiscuit, The",32,Jaquelin Millery,1,Juatuba,Feedbug,Maltese,3/9/1911
58503-008,85,Shivers (They Came from Within),66,Merilyn Marchant,10,Faisalābād,Camido,Malagasy,11/16/1937
13537-515,21,F/X2 (a.k.a. F/X 2 - The Deadly Art of Illusion),27,Durward Upham,8,Ban Phai,Shufflebeat,Amharic,3/19/1946
0268-0279,50,Stitches,17,Jerrold Colisbe,6,Indianapolis,Mybuzz,Haitian Creole,9/5/2012
36987-1539,92,Om Jai Jagadish,61,Barn Gilhespy,3,Dresden,Realblab,Spanish,5/8/1939
55154-1610,27,Jimmy's Hall,67,Sarita Locks,2,Belleville,Geba,Tajik,8/6/2014
49288-0832,38,Citizen X,71,Tudor Rimington,6,Issy-les-Moulineaux,Demivee,Spanish,2/22/1932
0904-5255,52,"Alan Smithee Film: Burn Hollywood Burn, An",55,Clay Shiell,10,Tandou,Skynoodle,Czech,10/7/1956
13537-276,60,Cloak and Dagger,47,Cynthea Duval,6,Tralee,Vinte,Arabic,4/21/2002
31722-730,54,Stanley & Iris,2,Orson Yurchenko,6,Eslöv,Brightbean,German,9/25/2004
12745-146,88,"Study in Choreography for Camera, A",83,Caressa Beddoes,4,Amor,Thoughtsphere,Bengali,9/13/1994
10356-821,5,Snapshot,67,Ashleigh Seamans,3,Matamey,Ntag,Dutch,4/13/2008
0703-3069,62,Games People Play: New York,22,Jonah Andrey,8,Vel’sk,Blogtag,Croatian,11/15/1944
63824-475,29,The Four Feathers,87,Claudie Derrell,4,Mników,Livetube,Haitian Creole,8/25/1975
53808-0898,61,Aladdin and the King of Thieves,21,Lindsey Jeffes,7,Brumado,Kwimbee,Sotho,5/9/1938
58503-023,3,Leprechaun 3,86,Saul Gamage,8,Pakapasan Ilir,Dynabox,Malagasy,3/7/2000
61957-1921,65,"Clearing, The",9,Demetrius Kernan,7,Yumbel,Dabtype,Kyrgyz,4/14/1983
63777-207,9,Radio Inside,36,Diandra Ottey,9,Semamung,Twiyo,Aymara,11/22/1963
54569-5584,18,Favela Rising,63,Britt Larkcum,5,Hegarmanah,Vitz,Japanese,3/21/2015
55651-005,81,Leatherheads,45,Marge Bottell,1,Fukuma,Voonder,Fijian,11/4/1905
0615-7547,48,"One and Only, Genuine, Original Family Band, The",60,Arny Commucci,8,Tierra y Libertad,Flipstorm,Italian,3/2/1950
62985-5082,15,"Southerner, The",21,Levon Bamell,8,Sanghan,Voolith,Malay,1/26/1900
63868-144,86,Teen Beach Movie,45,Kerrill Drejer,8,Xiabuji,Tazzy,Bulgarian,1/14/1955
37205-137,65,Rembrandt,7,Shalom Clemow,7,Tomas,Zoomzone,Marathi,5/28/1924
63972-006,25,How to Eat Fried Worms,16,Ari Delete,5,Unquillo,Oyonder,Telugu,6/10/2019
55316-281,22,Todos eran culpables,65,Lonnard Pashen,8,Kanzaki,Browsezoom,Armenian,1/23/1918
62032-515,38,Mustasukkaisuus,39,Ealasaid Mushet,10,Guyang,Tanoodle,Italian,6/22/1966
49738-678,46,Chuck Norris vs Communism,50,Natalya Grayston,9,Laojunpo,Jaxbean,Swedish,10/3/1916
42291-841,48,"Major and the Minor, The",72,Marya Olyfant,2,Tucurú,Tagpad,West Frisian,5/27/1938
36987-1849,62,Albatross,14,Clint Learoyd,9,Qingshui,Mycat,Gagauz,10/1/2002
0378-0217,81,"Thief, The (Vor)",12,Benedick Cowap,8,General Ramírez,Podcat,Aymara,11/18/1959
49288-0292,66,Prey for Rock & Roll,84,Hort Blogg,2,Hāgere Selam,Babblestorm,Dzongkha,3/24/1917
53808-0904,59,The Golden Cage,51,Orrin Dafter,10,Evansville,Oyoba,Kannada,6/13/1954
58118-7915,53,Crazy Love,49,Rivalee Saleway,7,Santa Fé do Sul,Blogpad,Fijian,12/20/2005
10096-0269,16,Raw Deal: A Question of Consent,47,Eileen McTurlough,9,Kayl,Brainsphere,Oriya,5/21/1954
68828-098,99,"Anderson Tapes, The",46,Lilly Danniell,2,Talu,Youtags,Zulu,5/7/1917
63629-3190,77,Forest Warrior,43,Dulciana Click,3,Leninsk,Trupe,Japanese,7/28/1916
76328-332,12,Guernica,44,Philbert de Courcy,9,Benito Juarez,Vitz,Belarusian,12/15/1909
0378-0327,61,All Night Long,30,Johnathon Haville,2,Pylaía,Jetpulse,Dzongkha,12/16/2015
51619-300,68,"Informant!, The",86,Fifi Warne,5,Bamban,Tazz,Estonian,3/5/1982
58232-0702,71,Seal Team Eight: Behind Enemy Lines,68,Ave Cordell,6,Dubki,Yabox,Danish,1/11/1934
76074-143,93,Rendezvous,22,Fletch Ibert,10,Pasanggrahan,Ntag,Amharic,11/8/1901
0268-0010,15,Bandslam,35,Casey Chatters,10,Esperança,Devcast,Luxembourgish,2/10/1910
60615-0001,71,Yesterday's Enemy,37,Hashim Boatswain,4,Pengilon,Skinte,Kurdish,12/7/1918
36987-3322,34,Election,1,Hanni Mellem,7,San Miguel Ixtahuacán,Brainlounge,Bosnian,4/1/1954
53499-1271,66,An Alligator Named Daisy,13,Murray Truett,6,Czarne,Skippad,Estonian,10/28/1957
43742-0303,45,"Second Man, The (O Defteros Andras)",6,Edvard Labern,5,Marquard,Skipfire,Malay,1/19/1978
57691-098,22,Tsunami: Caught on Camera,81,Burtie Pawling,5,Mandalgovi,Viva,Romanian,11/8/1968
37012-897,62,Cahill U.S. Marshal (Cahill: United States Marshal) (Wednesday Morning),39,Morgana McGonigle,4,Binitayan,Dynazzy,Māori,6/8/1932
54868-6343,87,"Quiet Room, The",80,Bethany Balshaw,3,Capim Grosso,Ainyx,Malay,2/28/2019
50114-1240,30,Septien,24,Amata Braunds,6,Shijia,Zava,Dari,4/10/1900
62011-0174,15,Private Confessions,41,Evy Coode,4,Billings,Oyoyo,Estonian,5/19/1901
0713-0222,37,Lilies of the Field,29,Felita Simla,4,Holice,Topiclounge,German,11/11/2006
50268-454,85,Trinity: Gambling for High Stakes (Odds and Evens) (Pari e dispari),96,Vanessa Greatex,1,Huanghai,Talane,Montenegrin,8/18/1996
55681-212,53,Gamera vs. Barugon,88,Sheffy Aveyard,8,Trångsund,Meejo,Finnish,9/21/1980
11410-019,77,"Act of Killing, The",1,Haily Shallo,1,Paris 12,Agivu,Filipino,4/3/1977
0093-7156,14,Shaolin (Xin shao lin si),5,Raychel Doidge,8,Dmitriyevka,Yakidoo,Sotho,12/2/1961
51808-201,9,"Brotherhood of the Wolf (Pacte des loups, Le)",82,Bordy Dik,10,Langkou,Dablist,Fijian,9/17/1925
42507-611,50,Striptease,4,Celestyna Thewlis,6,Tambakbaya,Riffpath,Malay,10/2/1960
51987-0002,76,"Reluctant Astronaut, The",92,Salomone Newport,6,Bijia,Camido,German,7/20/2006
64380-734,4,"Endless Summer 2, The",16,Lettie Heddy,7,Pontian,Realfire,Georgian,3/14/1981
68084-226,55,Manhattan Murder Mystery,99,Almire Harcase,10,Chengcun,Gigabox,Kannada,5/11/1937
54473-233,30,Pauline at the Beach (Pauline à la Plage),58,Osborn Carradice,5,Issa,Avaveo,Macedonian,6/28/1998
0121-0581,83,Ice Men,55,Anna-maria Eilhart,5,Huishangang,Feedfire,Telugu,5/5/1953
55891-002,22,Bring It On: Fight to the Finish,90,Ruy Sarvar,8,Khao Kho,Kamba,Belarusian,9/27/1985
64720-189,51,Best Friends,17,Cirillo Willacot,2,Chvalšiny,Teklist,Maltese,7/13/1981
60505-2878,48,Mike Birbiglia: My Girlfriend's Boyfriend,44,Roscoe Newstead,7,Oebatu,Divavu,Dari,8/29/1928
49349-914,80,"Perfect Human, The (Perfekte Menneske, Det)",84,Riane Kirkbright,10,Karangranjong,Mudo,Lao,9/19/1910
42507-588,32,In Passing,33,Berkly Woodburne,4,Brejo da Madre de Deus,Digitube,Swedish,8/27/1950
65342-2050,95,Jacknife,49,Randi Engelmann,4,Aksarka,Livepath,Croatian,1/9/2021
63824-161,81,Body and Soul,35,Martica Edge,9,Sandyford,Latz,Indonesian,3/12/1931
10812-285,6,Romy and Michele: In the Beginning,2,Margery Isaak,10,Obsharovka,Zoombox,Polish,2/21/2015
68703-030,45,Bill Hicks: Relentless,85,Fletch Barke,2,Lutian,Eayo,Punjabi,3/22/1966
53645-1340,56,Busting,95,Alexia Waterhouse,7,Falun,Zoombeat,Croatian,10/23/1993
17089-349,8,Cinderella Man,94,Tedi Richardes,3,Koanara,Tanoodle,Haitian Creole,1/18/1965
49527-002,87,Penitentiary II,20,Daryl Avis,8,Kyurdarmir,Trudeo,Bislama,3/8/1975
61096-0038,75,Splinterheads,69,Rakel Jonke,1,Cabo,Quire,Aymara,8/29/1983
0615-6598,73,Emperor,25,Raf Stancer,4,Xiangquan,Talane,New Zealand Sign Language,4/19/1926
65597-114,74,From Paris with Love,83,Pete Gerhts,4,Lakinsk,Dynazzy,Tswana,8/1/1960
68151-4734,9,Separate Tables,34,Rabbi Thomson,6,Guiniculalay,Skyba,Polish,10/28/1992
50730-5150,91,In Search of a Midnight Kiss,15,Beryl Churn,3,Santarém,Shufflester,Sotho,1/13/1964
21130-294,17,Bloody Pit of Horror (Il boia scarlatto) (Virgins for the Hangman),2,Richmond Rickertsen,2,Bagou,Oodoo,Tswana,7/11/1930
43406-0002,50,Beauty and the Beast,38,Larissa Bezant,2,Jindou,Skippad,Dhivehi,10/16/1949
43406-0030,54,Tekkonkinkreet (Tekkon kinkurîto),51,Kelley St. Pierre,7,Listvyanskiy,Flashpoint,Danish,6/14/1953
61786-000,99,Nature Calls,36,Lexi Poynser,6,Puncakwangi,Zoovu,Persian,8/11/1952
0904-2992,36,"Story of Qiu Ju, The (Qiu Ju da guan si)",34,Beatriz Brinicombe,5,Agraharam,Ainyx,Zulu,9/20/1916
59779-884,27,American Grindhouse,47,Werner Deelay,2,Ximapo,Jetpulse,Nepali,5/21/1972
0409-4278,43,"Gospel, The",67,Ashley Farress,5,Niort,Yoveo,Pashto,3/30/1900
49349-598,75,"Man in the Moon, The",92,Renaldo Polk,9,Volodymyrets’,Geba,Dhivehi,5/27/2014
41250-110,64,"Midsummer Night's Dream, A",19,Francesco Guidelli,10,Aelande,Ainyx,Japanese,8/3/1989
0026-3787,12,Fate (Yazgi),15,Kara-lynn Kendred,9,Namie,Twinder,Tswana,7/28/2007
68094-108,14,By the Bluest of Seas (U samogo sinego morya),85,Matthew Burney,2,Uherský Brod,Trilia,Norwegian,6/9/1995
68084-055,77,Never a Dull Moment,95,Kissie Swalwell,6,Maki,Oyoloo,Hebrew,1/23/2017
49738-077,75,The New Centurions,7,Basia Bennoe,2,Maromitsa,Plambee,Ndebele,7/8/2010
67457-190,12,"Forsaken, The",83,Valera Fury,1,Örebro,Tambee,Romanian,10/14/1972
0548-5602,97,Road House,51,Hazel Gyngell,6,Milwaukee,Tagpad,Burmese,10/16/1945
50436-6652,5,Quitting (Zuotian),97,Leelah Bulcock,6,Limoeiro do Norte,Photolist,Polish,1/17/1959
36987-2152,85,Eat,94,Patton O'Cassidy,1,Limoeiro do Norte,Talane,Malayalam,6/21/2022
49348-813,98,"Last Shot, The",85,Garfield Mountain,10,Maswarah,Snaptags,Romanian,3/26/2014
59779-317,67,Red Beard (Akahige),51,Linc Poag,8,Padre Las Casas,Quamba,Czech,10/27/1978
30142-313,76,Sleep with Me,39,Lorelei Kase,2,La Molina,Eidel,Romanian,8/31/1927
12027-105,52,New Year's Eve,56,Ingunna Berard,8,Armash,Thoughtsphere,Georgian,6/4/1940
24385-169,22,Nancy Drew and the Hidden Staircase,75,Randi Lorking,9,Fuzhai,Rhybox,Dutch,1/26/1989
59779-198,86,War of the Wildcats (In Old Oklahoma),98,Ophelia Convery,3,Padre Bernardo,Kanoodle,Hebrew,3/16/1985
64942-1089,15,Graveyard Shift (Stephen King's Graveyard Shift),86,Edmon Housby,9,Liuhe,Youspan,Catalan,6/2/1910
52125-804,75,Crash Dive,31,Gauthier Killerby,6,Lyon,Zoombeat,Spanish,3/18/1919
11673-092,82,Breakaway (Speedy Singhs),30,Artemis Webborn,8,Manacapuru,Mymm,Maltese,5/20/2009
65044-3254,28,Stereo,63,Evelyn Jacks,2,Dauphin,Feedfish,Romanian,3/2/1945
55111-170,5,Superman/Batman: Public Enemies,39,Silvester Krikorian,1,San Francisco,Mynte,Tswana,1/11/1957
61995-1106,21,Moonlight and Cactus,17,Freddie Vaillant,5,Longqiao,Photobug,Croatian,1/27/1945
65044-3204,5,Great Expectations,51,Aleece Huggett,4,Pécs,Wordpedia,Malayalam,3/20/1900
47682-080,75,Easy Money,63,Shellie Scotland,10,Frydrychowice,Wikido,Azeri,5/10/1951
15127-311,36,"Hudsucker Proxy, The",37,Elva Sewley,7,Roissy Charles-de-Gaulle,Npath,Kurdish,12/14/1901
33261-068,68,Let It Be,58,Jessi Yuryaev,9,Laspezia,Browsezoom,Malayalam,1/17/1938
13537-035,17,Still Bill,61,Belva Norsister,3,Rongxing,Realblab,Yiddish,9/30/1919
17478-831,21,Kurt & Courtney,5,Burr Bram,8,Sandviken,Wordtune,Maltese,2/23/1971
53807-422,45,"Next Stop, Greenwich Village",97,Fonzie Jorden,6,Tunjë,Yozio,Moldovan,6/27/1913
16714-335,1,True Heart,2,Clim Guterson,10,Uzlovaya,Vinder,Danish,12/21/2021
59078-050,38,Cartoon All-Stars to the Rescue,6,Erastus Escalera,9,Merida,Jetwire,Thai,1/2/1984
43846-0007,56,"Friend of Mine, A (Ein Freund von mir)",14,Gelya Yockney,9,Cogon,Linkbuzz,Somali,8/18/1985
54868-5574,40,Shakedown,93,Candace Kellitt,3,Galatás,Abata,Telugu,1/7/1949
63981-700,79,"Accidental Husband, The",50,Anson Beecker,2,Guanambi,Voomm,Bengali,3/31/1960
64768-2920,6,Jack Ryan: Shadow Recruit,82,Sheilah Bleiman,7,Francisco Beltrão,Yata,Afrikaans,10/10/2003
76045-002,8,"Rage in Harlem, A",55,Roberta Cappel,1,Río Tercero,Pixope,Dutch,4/10/1942
48951-3030,61,For the Love of a Dog,18,Codie De Blasio,7,Yatunpu,Gigaclub,West Frisian,5/5/1995
63323-477,32,Collateral,68,Bailey Goude,5,Alvarães,Tagtune,Swedish,11/23/2006
49349-265,5,Amber Alert ,30,Nikoletta Narbett,7,Penha,Brainbox,Dzongkha,6/25/1990
35418-242,54,Captain Corelli's Mandolin,14,Garrick Oiller,3,Tours,Meemm,Kurdish,3/31/1924
42858-104,49,Nostalghia,84,Oriana Fakeley,2,Kuripan,Brainverse,Tajik,5/4/2003
51346-008,99,"Storm Warriors, The (Fung wan II)",19,Eliot MacNeilley,2,Guli,Thoughtsphere,West Frisian,11/10/1962
55289-895,99,"Big Clock, The",56,Ingaberg Gleed,10,Nelipyno,Muxo,Korean,5/20/1980
67938-0732,14,"Banger Sisters, The",48,Caroljean Turville,3,Kouloúra,Thoughtworks,Italian,2/12/2003
16729-007,38,"Decameron, The (Decameron, Il)",71,Vance Smalles,3,Bajo,Realbridge,Armenian,8/26/1941
53489-150,28,Decoder,62,Libbi Chinge,5,Avaré,Zoomdog,Danish,2/27/1988
59800-0232,23,Millennium Actress (Sennen joyû),82,Dur Holbie,6,Ko Si Chang,Oyope,Telugu,11/24/1909
16590-685,12,Bonnie Scotland (Heroes of the Regiment),13,Palm Hobben,10,Daiyue,Latz,Lao,9/10/1913
0904-5901,83,"Big Fix, The",48,Ronalda Astill,4,Jaguarari,Skaboo,Gagauz,5/18/1969
65193-939,17,Still Mine,36,Willem Poyzer,5,Machagai,Topicware,Moldovan,2/10/1933
49349-566,80,"Amazing Spider-Man, The",38,Anatola Simm,9,Washington,Wikibox,Romanian,2/15/2017
21749-701,98,"Long Good Friday, The",72,Chance Gaynes,10,Polanka Wielka,Zoomdog,Dhivehi,2/13/1906
41250-837,3,Judgment in Berlin,82,Niel Overal,7,Cañete,Eazzy,Swedish,5/14/1972
57520-0590,28,Stunt Rock,84,Hal Larrett,2,Jiangya,Devpoint,Albanian,12/23/1901
55154-4180,42,Paris,9,Gaynor Fernando,5,Yuta,LiveZ,Lao,11/22/1912
0019-9601,93,Don't Look in the Basement!,97,Bing Oxlee,6,Trudobelikovskiy,Ainyx,Romanian,6/1/1900
0597-0135,40,Twist,85,Karena Haw,1,Yanjiatai,Babbleopia,Hiri Motu,1/28/2011
64117-248,36,Kill List,35,Merle Waring,7,Lavadorinhos,Demizz,Punjabi,1/27/1970
59054-140,58,"Waiting Game, The",47,Orelee Grattan,7,Ágio Pnévma,Centidel,Chinese,10/4/1933
10267-3206,70,Powder Room,12,Lindsy Shacklady,10,Gouménissa,Centidel,Bengali,5/31/1904
68788-9854,3,Ivanhoe,22,Morse Gipson,1,Caminauit,Brainsphere,Luxembourgish,2/2/1908
0378-3120,58,Scooby-Doo,41,Valera Aizikov,8,Campamento,Kazu,Danish,6/10/2022
61520-001,50,Killing Us Softly 4: Advertising's Image of Women,70,Cord Jobbing,8,Hisings Kärra,Ainyx,French,6/22/1951
58930-026,38,"Wrong Arm of the Law, The",12,Ingeborg Pook,1,Dajabón,Flashspan,Nepali,2/19/1957
0006-0351,41,Summer Magic,94,Weylin Bluett,10,Quintã,Edgeblab,Macedonian,8/5/1915
37205-976,37,Missing,61,Dore Levensky,8,Kutapanjang,Ntag,Kazakh,10/16/1952
41250-597,14,Young Guns II,90,Eolanda Humber,8,Cipunglu,Brainsphere,Dari,4/6/1928
62011-0150,69,Final Analysis,22,Fina Domeney,7,Thị Trấn Tà Lùng,Meezzy,Yiddish,7/4/1944
76420-767,46,"Hucksters, The",61,Eyde Lednor,10,Tipaz,Youtags,Tajik,9/17/1953
36987-3343,55,Eat a Bowl of Tea,59,Valentine Oxford,4,Sangkulirang,Feedbug,Moldovan,10/21/1955
16590-375,44,Confidentially Connie,67,Ware Antonikov,3,Bairro do Margaça,Tazz,Montenegrin,6/7/1933
0378-2401,96,Viimeiset rotannahat ,80,Edgard Binestead,4,São Bento,Skinder,Burmese,12/28/1999
54868-5838,4,SpaceCamp,10,Steffen Zohrer,1,Half Way Tree,Zazio,Tsonga,7/17/2016
52584-710,42,Two Shots Fired,32,Audi Barniss,4,Lom Sak,Eadel,Mongolian,5/22/1961
55154-3828,67,Lesson Plan ,68,Carlin Rasor,10,Dipayal,Eadel,Swati,6/10/1953
53499-5845,69,"Angel Levine, The",68,Judie Vanyashin,9,Phetchabun,Zava,Aymara,9/27/2001
61941-0072,76,"Girlfriend Experience, The",46,Shem O'Hoolahan,4,De la Paz,Quire,Estonian,11/18/2002
54569-5574,51,Made,29,Olia Giral,7,Västerås,Geba,Arabic,9/6/2018
43115-123,50,Jim Jefferies: Alcoholocaust,94,Pattie Seefus,3,Jindong,Bubbletube,Gagauz,11/13/2019
63629-1342,69,Enduring Love,64,Norrie Gregor,10,Anadia,Linklinks,Kannada,3/25/1919
12634-779,41,Foreign Student,93,Tiff Blaschek,6,Volodymyr-Volyns’kyy,Bubblebox,Swedish,3/27/1901
68788-6760,99,Men Seeking Women,56,Allys Tulley,5,Broshniv-Osada,Abatz,Yiddish,9/12/1946
50580-669,60,Dying at Grace,47,Hunfredo Betke,1,Zarya,Roodel,Icelandic,10/9/1943
0781-1516,93,Up the Yangtze,35,Elfrida Szymanowski,5,Ouanaminthe,Tanoodle,Arabic,12/28/2018
63354-321,76,"Fighting Seabees, The",96,Becka Gallaher,3,Ghurayd Gharamē,Thoughtbeat,Malay,4/14/2003
43772-0011,91,Greed,83,Dillon Fanner,9,Baturité,Twitterlist,Arabic,10/10/1913
52565-012,63,"Rise & Fall of ECW, The",50,Linda Kelk,7,Liliongan,Jabbertype,Kyrgyz,8/17/1957
49288-0471,58,Nas: Time Is Illmatic,51,Lucias Venables,2,Zavolzh’ye,Lazzy,Thai,4/11/1999
0519-6262,54,"Lord of the Rings: The Two Towers, The",67,Shelley Dundridge,10,Chrast,Eimbee,Greek,9/3/1925
43547-273,72,Christmas Vacation (National Lampoon's Christmas Vacation),20,Anthe Gianilli,2,Chengxi,Oyoba,Aymara,7/5/2002
54868-0244,34,Viimeiset rotannahat ,12,Peterus Lebell,1,Al Qurayn,Wikizz,Kazakh,9/3/1980
0006-3629,26,The Vixen,84,Selena Knowlton,3,Mutengene,Snaptags,Danish,7/13/1934
60505-0253,62,Addicted to Love,95,Richardo Broster,7,Khvalovo,Tambee,Gujarati,1/12/1937
61995-0103,19,I Dream Too Much,85,Eugen Setterington,6,Junqueiro,Jaxworks,Norwegian,4/12/1914
64141-012,35,Kissing a Fool,44,Shirlene Pecha,10,Ridder,Buzzster,Persian,3/3/1907
11701-063,68,Blue Collar,89,Nicole Leupold,7,Nagorsk,Browsebug,Punjabi,9/30/2008
55111-153,77,Enola Gay and the Atomic Bombing of Japan,18,Danit McCory,9,Reckange-sur-Mess,Rhybox,Yiddish,5/12/1968
53208-437,38,Defiance,15,Tamma Milton-White,3,Tallahassee,Tagfeed,Hungarian,12/6/1920
0013-2626,97,Continental Divide,89,Maxim Schenkel,1,Holice,Feedbug,Thai,8/12/1981
41163-416,15,Nursery University,33,Mufi de Zamora,9,Manama,Jabbersphere,West Frisian,11/9/1909
0268-0160,83,Recipe for Love,2,Karney Slator,7,Arshaluys,Jaxworks,Montenegrin,4/29/1941
41167-0965,65,Beneath the Dark,21,Carolus Stanbra,6,Fauske,Skyble,Dzongkha,3/3/1947
36800-361,48,Shall We Dance?,30,Idell Cours,4,Dumlan,Topdrive,Indonesian,7/18/1924
43857-0229,8,My Wife Is a Gangster (Jopog manura),90,Millisent Ongin,1,Chavães,Riffpedia,Kannada,7/31/2004
67544-252,84,Pandora's Box,44,Killie Gino,5,Palca,Tagopia,Indonesian,6/10/1964
53329-303,61,Raise Your Voice,57,Veronika Pedden,10,Tangyin,Eidel,Polish,11/24/1947
0615-2549,31,Hellgate,2,Waldo Davis,6,Tianmen,Wordpedia,Maltese,6/16/1918
57955-5042,97,Amu,49,Kora Camin,7,Motuo,Agivu,Bosnian,10/1/1994
55910-279,50,Freaks,52,Thorsten Braunston,7,San Vicente,Youfeed,Nepali,7/7/2016
0039-0020,72,Babylon 5,63,Maynard Winder,7,Santa Catarina,Zava,Quechua,5/21/1915
42507-558,98,Carmen,39,Cordie Faers,1,Holguín,Oyondu,Macedonian,11/7/1941
53499-5971,6,"White Balloon, The (Badkonake sefid)",21,Templeton Teggin,3,Mamara,Skimia,Dzongkha,12/5/1901
51655-562,35,"Secret Six, The",67,Neddy Lansbury,2,Ljubešćica,Browsecat,Spanish,8/3/2012
68387-552,100,Gloria,24,Pablo McGraffin,6,Filabusi,Youfeed,Italian,3/18/1977
63323-710,64,Spaceballs,12,Bradley Spurden,6,Bonao,Eamia,Malayalam,1/10/1916
10424-106,11,Sleepy Hollow,9,Westleigh Cars,6,Santa Helena de Goiás,Livepath,Croatian,7/23/2013
24470-914,65,Rush: Beyond the Lighted Stage,41,Giustino Beaford,1,Antiguo Cuscatlán,Edgetag,Sotho,12/18/2017
36987-1594,26,Glen or Glenda,81,Keely Buttrum,8,Tete,Edgeclub,Dari,2/12/1969
0904-5808,7,Toi et Moi,64,Nanice Sellner,9,Svetlyy,Twinte,Tajik,8/20/1963
0904-6410,88,Taifu Club (Taifû kurabu),26,Sadella Cable,8,Ohafia-Ifigh,Devify,West Frisian,7/22/1961
0078-9342,8,"Home of Our Own, A",77,Avis Sima,9,Galis Dua,Flipbug,Afrikaans,4/26/1953
0378-5575,89,LEGO DC Comics Super Heroes: Justice League vs. Bizarro League,3,Cammy Paulsson,9,Prévost,Skyba,Macedonian,12/18/1909
16714-407,24,Damien: Omen II,49,Nerty Edess,3,Planaltina,Wikizz,Telugu,10/5/2011
43857-0290,14,"Ghost and Mr. Chicken, The",38,Seward Lotwich,3,Ryōtsu-minato,Aibox,Danish,5/1/1992
76168-011,82,Spies (Spione),4,Allistir Curnnok,4,Woto,Quinu,Papiamento,9/28/1996
65923-181,68,Jade Warrior (Jadesoturi),81,Celinda Dyshart,8,Ayní,Zooveo,Sotho,12/2/1913
60867-100,52,Satyricon,62,Crissie Drejer,4,Västra Frölunda,Zoomlounge,Marathi,12/25/1957
0641-6141,89,Seventh Son,9,Sayre McSorley,2,Goris,Photojam,Fijian,5/12/1964
21130-461,73,"Light Bulb Conspiracy, The",95,Olivia Cloy,4,Diên Khánh,Topicware,Latvian,6/8/1988
0527-1377,26,Infection (Kansen),70,Mariele Simunek,1,Nubl,Tanoodle,Chinese,8/12/1977
41250-913,95,Bugsy Malone,3,Leese Vedenyakin,1,Banaba,Shuffledrive,Malagasy,7/18/1997
57687-919,64,The D Train,44,Windham Horry,8,Cavaillon,Mudo,Tsonga,11/19/2004
51079-411,29,Lost in Austen,71,Beverley Midlane,5,Chatturat,Eazzy,Hungarian,10/17/1944
55154-6294,74,"Sunday Day in Hell, A (En forårsdag i Helvede)",80,Loella Iczokvitz,6,San Francisco,Trudoo,Gujarati,7/14/1910
50184-6100,65,From Beijing with Love,78,Roby Uzelli,4,Vrbovec,Aimbo,Bislama,9/25/1990
41163-692,82,Beyond the Clouds (Al di là delle nuvole),32,Sephira Blase,5,Berat,Rhybox,Azeri,6/7/1930
62257-607,10,"Tempest, The",50,Kale Parrish,3,Araraquara,Wordpedia,Dari,8/26/1969
0904-1748,29,South Pacific,98,Sibella Baudinet,1,Belén Gualcho,Devshare,Tajik,7/1/1978
0597-0017,55,"Hobbit: An Unexpected Journey, The",7,Sabina Gate,8,Zunilito,Browsetype,Spanish,10/18/1950
55289-884,37,Sixpack (Pussikaljaelokuva),54,Joan Hastwell,7,Planovskoye,Rhynyx,Portuguese,10/11/1956
37808-479,14,Lifted,62,Cami Murthwaite,5,Margasari,Wordify,Spanish,6/30/1975
52125-966,64,Wanda Nevada,29,Leoline Trim,1,Vrilissia,Skaboo,Punjabi,4/10/1958
54868-4286,51,"Third Wheel, The",60,Georgie Rivelon,3,Gaotang,Avamm,Dzongkha,10/21/2007
49288-0098,2,Madame Rosa (La vie devant soi),51,Fernando Trewman,7,Citeureup,Bubblemix,Nepali,5/3/1980
63323-268,17,"Saint in London, The",30,Gayler Marxsen,7,Cortes,Devcast,Kazakh,9/2/1955
42291-709,89,"Silent One, The",13,Nikolos Phillips,10,Dobrzeń Wielki,Ainyx,Kyrgyz,11/28/1960
35356-580,69,Fled,13,Salomon Garden,7,Kolbudy,Skivee,Filipino,4/3/2010
59078-016,64,Down to Earth,10,Cherice Kittel,2,Castanheira,Reallinks,Kazakh,5/2/1984
63629-5250,27,"My Mother's Castle (Château de ma mère, Le)",29,Clarabelle Fulbrook,2,Guadalupe,Oyope,Croatian,4/9/2014
55714-1501,82,Mogambo,12,Caroljean Snelle,7,Massakory,Leenti,Azeri,2/2/1929
43857-0270,22,Return to Snowy River (a.k.a. The Man From Snowy River II),16,Tanhya Gillingham,2,Itamarandiba,Gigashots,Māori,10/19/1975
52959-031,78,In Dreams,12,Kristos Grimsdyke,8,Natal,Centidel,Gagauz,12/20/1920
21695-896,18,Sir Arne's Treasure,10,Ingra Anfonsi,7,Pacanga,Youspan,Zulu,5/9/1981
57451-5025,93,"Tesseract, The",42,Livvyy Chick,10,Pinheiral,Ntags,Quechua,10/10/1993
0054-0120,58,Newsies,73,Gaston Alvaro,10,Botoh,Feednation,German,10/16/1976
0904-6301,88,Jonestown: The Life and Death of Peoples Temple,83,Zola LLelweln,6,Cihua,Jatri,Hungarian,1/11/1980
55111-610,7,"Monster, The",54,Krysta Menpes,4,Kumberg,Innotype,Tamil,3/18/1934
0025-1710,76,"House by the Cemetery, The (Quella villa accanto al cimitero)",17,Rubin Hillam,3,Nikopol,Trudeo,Yiddish,12/31/1987
53645-1580,35,"Brother's Kiss, A",99,Rolando Hearnes,4,Stockholm,Wordtune,Gagauz,8/29/1957
51991-837,79,Around the Bend,89,Emalia Pidler,6,Sepahua,Skyba,West Frisian,1/24/1914
13630-0028,97,Belarmino,13,Keely Caldero,5,Berlin,Twitterbridge,Tetum,2/10/1977
57520-0438,54,Song of the Exile (Ke tu qiu hen),53,Judi Felstead,2,Szemud,Skipstorm,Zulu,12/5/1949
0075-0621,33,Eden,54,Michel Blumsom,4,Pizarro,Skinte,Hungarian,2/28/1959
12745-145,95,"Easy Come, Easy Go",75,Kerk Northedge,2,Bidyā,Voonder,Moldovan,9/19/1956
52125-811,96,No habrá paz para los malvados,99,Freddie Narraway,2,Ristinummi,Reallinks,Estonian,1/6/1931
39822-4000,95,At First Sight,72,Guthrie Graham,5,Sabana Grande de Palenque,Mynte,Filipino,6/27/1964
13537-369,73,I Am Maria (Jag är Maria),79,Lutero Dulen,5,Salgado,Jamia,Persian,9/2/1907
47593-362,90,Rebellion (L'ordre et la morale),79,Georgy Brooking,3,Cadiz,Fadeo,Spanish,6/12/1974
36987-1501,45,Motorama,80,Emanuel Munks,7,Songping,Photobug,Bislama,10/8/1955
49817-0064,57,Beyond the Fear,90,Shem Shakshaft,1,Vievis,Skimia,Kashmiri,9/20/1976
41250-394,77,Eragon,12,Chiquita Fitchell,9,Xylókastro,Twimm,Estonian,4/26/1943
52125-267,45,Algiers,65,Kippy Purle,3,Itsukaichi,Tambee,Albanian,6/25/1972
36987-3040,73,Harsh Times,76,Sarette Byas,3,Kungshamn,Jazzy,Macedonian,7/7/1934
65044-4700,72,Gold Diggers: The Secret of Bear Mountain,92,Knox Huby,1,Grimstad,Aivee,Dari,2/19/1949
43353-244,58,Off Beat,58,Sheilakathryn Pyvis,1,Akunk’,Kazu,Kazakh,6/23/1957
64125-138,4,"Paimen, piika ja emäntä",61,Alfy Moutray Read,1,Sundsvall,Fivebridge,Arabic,3/13/1945
16590-081,41,Notorious C.H.O.,47,Conni Goolding,9,Xincheng Chengguanzhen,Zoomlounge,Latvian,6/27/1918
52125-780,29,History of Hell (Rosas Höllenfahrt),80,Henrie Bangs,1,Baita,Shufflebeat,Ndebele,7/26/1988
49288-0678,25,Kill Buljo: The Movie,96,Ferdinanda Gladman,8,Benito Juarez,Topicware,Thai,10/1/1963
49349-844,55,Black Rock,8,Elspeth Baylie,9,Maunuri,Topicware,Quechua,1/7/1902
22431-328,36,Suicide Kings,12,Josselyn Stratton,3,Raduzhnyy,Centimia,Indonesian,8/4/1902
0615-7668,73,Passionada,39,Ronnica Emblen,10,Barbacena,Roombo,Ndebele,2/24/1974
64616-046,49,Freedomfighters (Libertarias),97,Isahella Gosford,10,Or Yehuda,Topicblab,Tajik,7/1/2014
66116-513,33,Mr. Morgan's Last Love,51,Rockwell O' Ronan,3,Ilopango,Jabbertype,New Zealand Sign Language,3/18/1942
0597-0003,86,Cockpit,57,Elwira Scad,4,Longwei,Gevee,Punjabi,11/23/1924
52125-302,16,Hombre,76,Adorne Salaman,4,Camasca,Demivee,Somali,12/25/2007
63739-049,96,Father and Son (Otets i syn),62,Fidelia Minister,4,Yihe,Eayo,Lithuanian,6/3/1970
58668-4531,66,Scott Pilgrim vs. the World,98,Aurie Broadwell,5,Moshenskoye,Katz,Indonesian,2/6/1971
59762-1061,82,SSSSSSS,35,Jasmin Mordon,1,Dukay,Yata,Dhivehi,7/28/2021
54868-4462,48,And Now a Word from Our Sponsor,31,Lonna Foreman,9,Maraial,Zooveo,Montenegrin,9/30/1921
21695-734,23,"Crew, The",35,Elisha Huskisson,3,Manisi,Skippad,Norwegian,8/15/1946
21695-462,61,Fuzz,39,Orin Camus,10,Tairan Camp,Shuffletag,Malayalam,1/4/1961
51346-250,90,Chicago Cab (a.k.a. Hellcab),86,Rebekah Roly,4,Altunemil,Jaxnation,Spanish,7/14/1958
37000-097,6,Cherry Blossoms (Kirschblüten - Hanami),64,Bradford Mounfield,7,Utan,Skyble,Telugu,4/28/2005
49348-421,27,Padre padrone,10,Jolee Halston,10,Rennes,Tagchat,Kurdish,6/22/1969
55714-2307,18,My Man and I,51,Roosevelt Dendon,2,Jiufeng,Midel,Japanese,1/27/1925
0904-1007,76,"Wolf Man, The",73,Jeramie Franciottoi,6,Hanjia,Livefish,Finnish,2/26/1997
10191-1909,99,Xiu Xiu: The Sent-Down Girl (Tian yu),5,Edsel Armstead,3,Zhaozhen,Eimbee,Danish,3/7/1942
52183-279,67,"Fog, The",28,Marisa Zorzetti,1,Calizo,Tagchat,Dhivehi,9/27/1987
11523-7356,100,Ce que mes yeux ont vu,43,Ellen Farlham,7,Cachan,Skinix,Macedonian,6/12/1954
0456-2617,52,Everybody Street,66,Terence McGooch,8,Zubří,Oloo,Finnish,9/13/1911
36987-3296,90,Chasers,88,Margeaux Center,6,Le Havre,Mudo,Quechua,2/5/1991
55319-620,17,"Counterfeit Coin, The (Istoria mias kalpikis liras)",79,Rois Linnock,8,Pappadátes,Photojam,Malagasy,12/2/1964
10482-001,89,"New Leaf, A",19,Tess Sarfatti,10,Presidente Venceslau,Flashdog,Malagasy,2/13/1903
11716-7901,3,Metallica: Some Kind of Monster,3,Worthington Giorgini,8,Pang,Mybuzz,Malagasy,10/8/2008
52125-863,77,Force 10 from Navarone,23,Jameson Frangello,8,Potrerillos,Tazz,Romanian,10/13/1959
43353-882,47,Film ist. 7-12,22,Shelley Calwell,1,Stradbally,Skinix,Icelandic,3/30/1938
63629-4372,43,District 13: Ultimatum (Banlieue 13 - Ultimatum),21,Lacie Ivashkin,4,Lumijoki,Realmix,Tajik,12/1/2006
25021-658,96,"Rites of May, The (Itim) ",45,Hertha Klausewitz,5,Banarankrajan,Tambee,Malayalam,6/9/1908
0591-3560,11,Crossover,46,Andreas Simpkiss,1,Chahār Burj,Trudeo,Tswana,11/8/2002
50181-0011,92,Suck,14,Brennan Meysham,1,Mataquescuintla,Thoughtsphere,Fijian,12/23/1989
0472-0380,98,Get Smart,74,Viviana Philippart,10,Pliwetan,Yabox,Bengali,7/11/2009
53603-3001,46,Live Wire,39,Adey Tyrie,10,Dallas,Rhycero,French,1/16/2003
55910-308,13,"Man of Straw (Untertan, Der)",26,Charmane Slowly,3,Shums’k,Fliptune,Bislama,6/29/1964
42291-674,79,"Painting Sellers, The (Taulukauppiaat)",50,Garnet Stivani,2,’Unābah,Jetwire,Swedish,9/9/1955
61924-107,81,Un vampiro para dos,39,Lorie Morton,10,Kultuk,Fadeo,Kannada,10/20/2009
54569-4816,92,"Unreal Dream: The Michael Morton Story, An",52,Katherine Vila,5,Hino,DabZ,Irish Gaelic,8/16/1994
0268-1128,26,"Cinderella Story, A",34,Curran Wellesley,9,Luan Balu,Abatz,Danish,12/22/1935
49523-501,87,Inspector Gadget,63,Lilllie Clissold,8,Chaoshui,Oyoloo,Malagasy,12/2/1993
49967-501,99,In Passing,91,Marlon Berendsen,5,La Guata,Dynava,Māori,4/26/1946
64725-3925,89,Aftershock,78,Aimee Gemlett,8,Kambatatamakawu,Mita,French,1/2/1939
0703-8580,94,In the Heart of the Sea,77,Onida Rucklesse,3,Mundolsheim,Tambee,West Frisian,11/9/1949
55154-2028,91,Disorderlies,71,Dunn McKinstry,9,Lomintsevskiy,Gabcube,Chinese,6/17/2005
68479-318,10,Chris Rock: Bigger & Blacker,71,Barn Hatherley,7,Murree,Oozz,Kurdish,3/1/1999
0132-0201,35,Anatomy (Anatomie),11,Ninette Yielding,8,Kallithéa,Skaboo,Kurdish,11/12/1990
0143-9877,15,"Little Traitor, The",3,Amii McLachlan,2,Santiago De Compostela,Thoughtstorm,Indonesian,4/3/1972
54868-4532,90,Dragon Eyes,68,Carena Duding,6,Kiltamagh,Mydo,Northern Sotho,11/12/1966
43857-0105,61,"Last Airbender, The",87,Carrie Tabary,2,Cimo de Vila,Agivu,Oriya,1/28/1972
0363-6332,64,Rosemary's Baby,11,Sosanna Bletso,8,Buenaventura,Aimbu,Armenian,12/8/1988
11716-0458,11,"Singer, The (Quand j'étais chanteur)",60,Gabriellia Kelly,10,Guanting,Plambee,Hungarian,9/13/1989
49967-390,19,Craigslist Joe,26,Stu Baum,9,Piduhe,Kamba,Assamese,1/19/2015
65862-604,89,Maid to Order,14,Arline Partkya,8,Al Mushannaf,Leenti,Filipino,8/12/1959
57691-584,16,"Hustlers, The (Veijarit)",51,Shermie Dominec,2,Shixiang,Podcat,Yiddish,12/10/1982
51452-003,67,Retribution (Sakebi),45,Jocko Piggin,7,Kotes,Miboo,Bosnian,12/16/1968
41167-0091,35,"Player, The",28,Gonzalo Sibbit,6,Saratov,Trilia,Lithuanian,9/6/1946
52854-300,99,The Merry Widow,72,Sky Demchen,7,Kamiennik,Quaxo,Malayalam,3/4/1912
17856-0865,80,"Go-Getter, The",72,Brody Pickrell,9,Kolumbug,Thoughtworks,Quechua,2/26/1994
11673-742,93,Pretty Things,77,Dwayne Smeuin,7,Krajan,Feedfish,Dutch,1/29/2011
47781-263,100,Once Upon a Time in Shanghai,39,Eugen Selly,4,Bouctouche,Gigashots,Ndebele,11/17/1987
55154-2367,85,Satan Met a Lady,84,Leeland Ladds,5,Yunfeng,Voonder,Hungarian,10/9/1985
0363-0141,31,"Keeper of Lost Causes, The (Kvinden i buret)",92,Stacee Goodbourn,5,Além,Buzzster,Kannada,10/24/2002
55289-036,8,Madame Bovary,49,Harris Pletts,9,Hamada,Yabox,Dzongkha,11/12/1943
36987-3155,7,Promised Land (Ziemia Obiecana),74,Mitchell Mobbs,1,Bantar Tengah,Twitterwire,Malagasy,7/16/1946
57627-167,68,"Public Eye, The (Follow Me!)",60,Salome Martinello,9,Terrugem,Realcube,Pashto,7/26/2019
11086-043,56,"Chapman Report, The",14,Zachary Warwicker,7,Barbacena,Eire,Tswana,1/2/2020
0781-5405,50,Blue in the Face,18,Raphael Harpham,6,Lindi,Gigazoom,West Frisian,8/20/1985
0615-7552,42,Voices of Iraq,63,Fabe Braganza,4,Annopol,Dynava,Afrikaans,5/15/1942
49999-142,10,Meteor,89,Thaine Sparshatt,8,Sayḩūt,Plambee,Armenian,12/1/1966
62007-020,76,Murder on a Sunday Morning (Un coupable idéal),56,Bradford Cadalleder,6,Kemendung,Skinder,Tetum,9/5/1946
51486-002,35,Feeding Frenzy,73,Rici Jevon,9,Kemisē,Aivee,Bulgarian,10/18/1945
51285-162,80,Rampage at Apache Wells,16,Berte McAlpine,4,Lianzhu,Trudoo,Aymara,10/12/2000
50486-468,10,Crisis (Kris),86,Emogene Deverose,10,Ko Samui,Mynte,Fijian,2/3/1934
58668-2521,35,Greystone Park,83,Ema Catonne,7,Cabo Frio,Npath,Guaraní,12/27/2012
51824-018,25,"Other Voices, Other Rooms",7,Douglas Yalden,7,Kombapari,Leenti,Armenian,9/18/1921
48951-4088,25,Eddie,97,Alexina Falls,8,Manyana,Yodel,Czech,1/8/1902
50786-003,45,"Passion of Ayn Rand, The",54,Bentlee Popeley,8,Gongli,Jayo,Haitian Creole,9/1/1992
51668-201,5,"Second Man, The (O Defteros Andras)",81,Linell Scarisbrick,10,Ngama,Zooxo,Amharic,2/2/1917
0832-0910,26,Star Trek: Insurrection,26,Camille Ithell,9,Taoyuan,Photobean,Azeri,7/13/1905
36987-2993,5,Somersault,20,Monica Doding,7,Lampa,Eamia,Pashto,3/12/2003
49348-705,47,Shorts,84,Yanaton Silson,2,Antony,Aimbo,Burmese,2/20/1966
36800-179,88,Johnny Got His Gun,93,Gregorius Auld,7,Apucarana,Riffpedia,Telugu,12/18/1934
0597-0046,72,Gang Related,48,Donnell Lago,6,Dongtai,Bubblebox,Tswana,5/5/2000
51672-1271,31,Mrs. Soffel,66,Viviene Juzek,8,Yelkhovka,Feedfire,Georgian,3/31/1931
41520-430,66,Hot Rod,33,Karmen Radley,10,Hudlice,Twitternation,Latvian,8/15/1926
55154-3875,33,Dirty,80,Rodrique Mayer,4,Oepuah,Photobug,Zulu,6/15/1909
54868-4134,20,"Experience, The (Tadjrebeh)",80,Camila Davio,10,Cabedelo,Fivebridge,Tetum,10/4/2018
51808-223,60,Full Frontal,90,Fayre Stanaway,2,Shangjie,Voolith,Lao,10/8/2012
37000-282,51,Satan's Blood (Escalofrío),34,Joelynn Badham,6,Bagaces,Buzzshare,French,9/5/1901
30142-612,68,Cousin Bette,32,Kip Ellwell,1,Yong’an,Blogspan,Gagauz,2/23/1965
49349-253,95,RFK Must Die: The Assassination of Bobby Kennedy,10,Lombard Jeanon,9,Baoping,Rhybox,Croatian,6/6/1991
10267-2691,99,Morning Glory,71,Orland Linforth,6,Touguinha,Divanoodle,Somali,7/3/2009
0615-7554,3,Heart of Midnight,59,Cecily Vaskov,1,Kasama,Voomm,Tsonga,5/13/1915
67691-100,80,Simon Magus,47,Shea Wolfenden,2,Ankola,Gigashots,Hiri Motu,9/5/1917
42254-121,13,Blue,86,Jose Relph,8,Milagros,Twitterbridge,Irish Gaelic,1/22/1998
62756-430,42,Beethoven,18,Carla Fishlee,10,Joutseno,Lazzy,Swedish,11/16/1961
49035-647,3,Tonight and Every Night,8,Lebbie West-Frimley,5,Cilimus Kulon,Lazz,Northern Sotho,9/12/1978
53746-617,10,Five Minutes to Live,67,Augie Burland,8,Berezivka,Mita,Assamese,5/14/1986
63941-341,70,Brother (Hermano),58,Sadye Traynor,2,Palos,Jatri,Afrikaans,10/30/1966
44911-0080,35,Paradox,81,Maje Pingston,3,Aragarças,Feednation,Indonesian,6/16/1971
41250-640,87,Zero Kelvin (Kjærlighetens kjøtere),32,Elianora Karczinski,2,Benito Juarez,Divavu,Assamese,7/16/1931
0615-7567,54,The Great Scout & Cathouse Thursday,46,Marita Boerder,1,Fu’an,Twiyo,Moldovan,4/10/1985
51621-035,56,French Roast,53,Noelyn Island,2,Habartov,Twitterlist,Kashmiri,6/27/1932
50844-619,99,Il cappotto di legno,62,Matty Paulton,1,Ngeru,Podcat,Polish,4/28/1976
37000-103,56,Tsunami: Caught on Camera,71,Torrie MacPaik,8,Dengnan,Aimbu,Dari,5/20/1944
13668-136,15,Tokyo Fist (Tokyo ken),65,Shandie Whiteland,7,Meedhoo,Trilith,Hungarian,10/4/1993
12546-311,23,Katzelmacher,38,Justinn Hazelhurst,3,Arapuey,Photofeed,Czech,6/3/1919
0406-8091,66,December Boys,97,Henderson Roylance,10,Kadumelati,Zoombox,Dari,6/21/1970
51655-025,45,Double Whammy,40,Sharleen Carle,2,Paris 13,Browsedrive,Dhivehi,4/26/1941
27281-009,63,"Bachelor and the Bobby-Soxer, The",90,Maje Samme,1,Bone South,Eire,Kyrgyz,3/8/1907
55154-3188,71,Jesus' Son,35,Eli Pickerell,5,Don Chedi,Photofeed,Malay,4/22/2016
67938-1391,71,"Magnificent Seven, The",19,Issy Wiper,3,Mitsuke,Zoonder,Thai,6/16/1953
24385-009,53,Runaway Bride,69,Crysta Gipps,5,Zoushi,Topicblab,Māori,4/15/1923
42507-370,44,Venus Wars (Venus Senki),60,Ailis Marner,10,Kalabo,Kanoodle,Northern Sotho,1/16/1941
68703-115,54,Domino,69,Antin Cripps,3,Lomé,Tagcat,Zulu,1/28/2008
60949-060,57,Shadowzone,47,Claudia Peacey,6,Quebrada Larga,Edgeblab,Georgian,10/28/1924
54868-5837,92,A Story of Children and Film,73,Levon D'Orsay,10,Laotai,Yambee,Mongolian,1/6/2007
60512-1049,7,Hollow Reed,95,Washington Spiring,5,Sujji,Fadeo,Czech,8/15/1964
49035-342,89,How Stella Got Her Groove Back,40,Jandy Zanetti,8,Senangkhanikhom,Voonte,Khmer,12/28/1911
61919-416,89,"Baron of Arizona, The",57,Carlynne Juggings,2,Cabaret,Kamba,Macedonian,1/7/1930
68703-092,18,Patsy,6,Sybyl Askie,3,Itumbiara,Twinte,German,9/12/1996
11994-016,60,Love and Pain and the Whole Damn Thing,74,Alta Reignould,5,Budzów,Trunyx,Assamese,11/9/1940
62742-4058,77,Danger: Diabolik (Diabolik),70,Delores McIlrath,1,Hilotongan,Devshare,Estonian,2/10/1946
64536-1269,60,Flirtation Walk,84,Rosina Ley,3,Diamantino,Thoughtsphere,Finnish,3/24/2009
21695-147,80,Close to Home (Karov La Bayit),2,Lind Blankau,2,Landskrona,Photojam,Swahili,11/10/1924
60977-001,61,Everything Put Together,64,Ethelyn Pregel,5,Shanhaiguan,Youspan,Marathi,4/24/1900
58468-0150,33,Way Down East,60,Lelia Kornyakov,1,Pudasjärvi,Feedbug,Dutch,1/10/1958
0527-1315,41,X-Men,78,Lauri Duckering,3,Huangjinjing,Aimbu,Gagauz,9/18/1918
60505-3132,8,After Sex,59,Heda Castlake,1,Soavinandriana,Quinu,Malayalam,2/8/1908
0409-2687,35,Incognito,97,Ella Limrick,2,Lavaltrie,Brightdog,Sotho,3/12/1983
68572-4004,77,Monkey Trouble,74,Inga MacSwayde,5,Shuangjie,Oyonder,West Frisian,6/13/1929
41520-499,69,Liliom,3,Ariel Zecchi,10,Tomdibuloq,Devify,Latvian,8/9/1918
0409-6780,1,Tycoon,13,Joshuah Bohea,1,Mogoditshane,Nlounge,Guaraní,10/7/2010
0074-3239,75,The Derby Stallion,12,Vivyanne Kilduff,7,Kaji,Twitterbridge,Kannada,12/2/1991
49288-0110,74,C.H.U.D. II - Bud the Chud,15,Letisha Martinho,1,Avlónas,Roombo,Chinese,7/21/1943
52125-493,70,"Constant Gardener, The",96,Saleem Ginnelly,10,Loshnitsa,Vidoo,Polish,9/27/1907
0548-3012,79,Beneath the 12-Mile Reef,75,Burch Fotherby,3,Shangzhang,Kimia,Malagasy,1/18/1925
51862-175,15,Consuming Spirits,24,Cairistiona Thomen,1,Bago City,Gigashots,Indonesian,1/11/2003
53645-1350,11,"Skin Too Few: The Days of Nick Drake, A",43,Gae Houldey,6,Prienai,Meevee,Amharic,9/20/1915
52544-238,90,Liar's Dice,97,Jeffie Wadge,1,Qom,Oodoo,Tamil,1/30/1963
0113-0214,78,"Shrimp on the Barbie, The",1,Kele Chessun,5,Cidadap,Blognation,Mongolian,11/17/1983
50988-215,27,Anthony Zimmer,24,Ryun Barkley,10,El Progreso,Buzzbean,Bislama,12/19/1901
69017-205,16,Cold Storage,28,Genia Seine,3,Valence,Youspan,Persian,12/8/2013
52810-702,8,"Inbetweeners Movie, The",63,Doreen Tottie,1,Novogurovskiy,Rooxo,Swati,8/20/1991
61096-0004,89,Longford,43,Michel Sanper,4,Oslo,Fivebridge,Quechua,4/28/2004
67692-339,65,King Lear,80,Justina Lerwill,9,Gesikan,Twinder,Arabic,12/31/1978
55154-4558,42,Dad,58,Renelle Marl,7,San Antonio,Browsebug,Portuguese,2/20/2008
53808-0559,80,Quadrophenia,13,Rora Freeman,1,Jalingo,Meemm,Italian,9/9/1904
48951-1225,51,Ladybird Ladybird,77,Morna Anwell,9,Dawwār Tīnjah,Devpoint,Swahili,5/10/1981
41250-551,76,Who Am I (Kein System Ist Sicher),28,Bartholemy Cleminshaw,1,Changxingbao,Janyx,Amharic,11/24/1943
50436-9787,31,The Great Alligator,89,Lauren Roofe,8,Bokoro,Skidoo,Dzongkha,7/31/1937
36987-2072,67,Jab We Met,31,Clementia Beresford,9,Štore,Edgeblab,Thai,6/7/1941
51206-204,3,Anne of Green Gables: The Sequel (a.k.a. Anne of Avonlea),26,Albert McKeney,8,Sofádes,Skimia,Armenian,4/8/1921
43353-860,74,For Those in Peril,56,Vincenz Dingivan,1,Palykavichy Pyershyya,Dabshots,New Zealand Sign Language,9/28/1994
53499-5533,50,Lovelace,35,Kelli Cogman,1,Saint-Étienne,Fadeo,Lao,7/8/1978
68196-800,94,In Too Deep,30,Gregor Chiplin,3,Agara,Tagfeed,Finnish,5/8/1957
0179-8704,61,Jacob's Ladder,19,Ambur Grizard,6,Radlje ob Dravi,Youbridge,Malayalam,1/29/1953
68382-260,61,In Our Garden,68,Carmencita Skirlin,10,Kindersley,Npath,Tswana,4/27/2014
11523-4332,18,On the Edge,49,Monroe Town,1,Ngulung Wetan,Photolist,Macedonian,2/3/1953
0904-6170,70,Crimes and Misdemeanors,54,Terri Lathey,2,Hamburg,Flashdog,Bosnian,2/9/1944
43063-059,57,"Bright Lights, Big City",84,Shirleen Surfleet,1,Burtunay,Browsetype,Tajik,4/26/1931
0378-1077,86,Every Stewardess Goes to Heaven (Todas las azafatas van al cielo),66,Jacquenette Dempster,7,Chojna,InnoZ,Kazakh,4/8/1900
36987-3360,55,Secretariat,26,Tandie Catlette,7,Zhonghe,Leexo,Aymara,4/9/1943
49349-574,32,Shadow of a Doubt,76,Katleen Aysh,5,Usu,Yadel,Danish,11/8/1982
41520-166,34,Going Down in LA-LA Land,76,Carver Cornil,5,Añelo,Quatz,Guaraní,8/9/1981
65903-185,60,"Grave Decisions (Wer früher stirbt, ist länger tot)",90,Donall Rumke,3,Lazaro Cardenas,Voomm,Ndebele,2/3/1953
67038-110,48,Where the Road Meets the Sun,56,Ingaborg Ponte,10,Hexi,Fivebridge,Armenian,10/16/1966
21695-949,28,Code Name Coq Rouge,96,Sada Greenrodd,2,Salingogan,Topdrive,Arabic,4/30/2003
0363-2529,22,Ugly,74,Jephthah Peplaw,7,Quangang,Edgeblab,Korean,5/14/1989
53345-012,3,He Knows You're Alone (a.k.a. Blood Wedding),33,Lanni Gayforth,5,Rudnya,Quatz,Bulgarian,12/20/1990
54575-962,7,"Rink, The",98,Porty Cusick,1,Wonopringgo,Twitterbeat,Swahili,5/17/1941
49967-605,79,Safe Men,73,Loreen Stanbury,9,Verkhniy Dashkesan,Yadel,Moldovan,8/19/1967
49852-069,91,"Sound of Insects, The",82,Emmott Donald,1,Dangmu,Meezzy,Tswana,6/9/1953
54748-401,10,Gleaming the Cube,13,Melli Gingold,9,Kaliwates,Layo,Bislama,8/10/1907
47632-0003,62,Anything Goes,38,Brien Braisby,1,Kurów,Rooxo,Macedonian,5/11/1982
61715-052,53,Gamera the Brave,74,Raina Castelletti,8,Bouabout,Devcast,Kashmiri,4/7/1946
10210-0012,87,Paris 36 (Faubourg 36),39,Janis Baudone,5,Puerto La Cruz,Mita,Macedonian,3/24/1910
11673-395,5,Amateur,40,Nalani Zoanetti,8,Heshui,Avamm,Malay,4/8/1991
25010-811,76,Venice/Venice,63,Rem Shemmans,8,Orodara,Kare,Kashmiri,5/11/1941
42549-618,16,Moonfleet,26,Oona Lavell,5,Paraíso das Águas,Yakitri,Dhivehi,1/25/1999
56062-184,40,At Any Second (In jeder Sekunde),54,Shauna Longrigg,4,Kushchëvskaya,Voomm,New Zealand Sign Language,8/18/1960
36987-3448,92,Double Impact,2,Mata Halleday,2,Basa,Kamba,Gagauz,6/10/1911
0378-1713,66,"Last Exorcism Part II, The",65,Correy Utley,8,Chum Phuang,Meevee,Maltese,6/10/2011
49738-656,90,Torrente 5: Operación Eurovegas,90,Marve Sturror,5,Chiang Mai,Bluezoom,Guaraní,12/5/1934
0904-5833,18,Dane Cook: Vicious Circle,19,Gardiner Blunsen,9,Zgurovka,Pixoboo,Tsonga,4/3/1954
47593-457,17,Chronicle of the Years of Fire (Chronique des années de braise),79,Rem von Nassau,8,Bagay,Zoozzy,Malagasy,9/15/2004
55700-003,19,Saving Sarah Cain,48,Stanton Wakeman,2,Schiedam postbusnummers,Aibox,Kannada,7/15/1967
0378-0712,60,Vodka Lemon,68,Sascha Curedale,5,Balahovit,Tagcat,Lao,2/7/1949
13734-101,5,Haunted Honeymoon,24,Kittie Zieme,7,Buenaventura,Lazz,Swahili,3/19/1964
49288-0234,4,Letter from an Unknown Woman,56,Cary Regi,5,Havlíčkův Brod,Innotype,Zulu,11/20/2001
0268-1164,75,Season of the Witch,33,Pet Strooband,1,Sifangxi,Meedoo,Kazakh,8/24/1900
57337-031,84,"Oh, God! Book II",29,June Slaten,4,Varginha,Quire,Tamil,9/4/2005
0187-5148,67,Citizenfour,41,Jeromy Claesens,4,Semboropasar,Voonder,Ndebele,12/25/1983
37000-814,73,Lili,76,Meir Lindenfeld,2,Sanxing,Tanoodle,Punjabi,5/11/1929
49288-0671,78,American Hardcore,25,Rhodie Avrahamoff,6,Silongin,Shufflebeat,Kashmiri,11/9/1945
76299-422,70,Fired Up,37,Codee Santhouse,2,Navoiy,Zoonoodle,Papiamento,9/6/1977
36987-1223,28,The Magnificent Trio,84,Bentlee Poulden,10,Orléans,Trudeo,Romanian,7/17/1909
11084-140,85,Chasing Amy,80,Cleopatra Doud,10,Reggada,Agivu,Fijian,10/30/1928
41163-462,31,Imaginaerum,25,Anna-diane Willan,4,Mutengene,Einti,Japanese,1/31/2013
11673-914,66,Night Train,56,Micheline Orpwood,10,Petrovice u Karviné,Fatz,Japanese,10/3/1902
52125-192,51,"Spirit of St. Louis, The",56,Tobey Bracknell,10,Kitango,Divape,Arabic,8/22/1966
45802-124,72,Peculiarities of the National Fishing (Osobennosti natsionalnoy rybalki),17,Herb Freake,8,Sámara,Tambee,Portuguese,4/16/1961
49349-878,71,"Most Wanted Man, A",55,Ailey Mitchenson,1,Tucupido,Shuffledrive,Dutch,12/29/1933
68258-7126,33,Son of Frankenstein,60,Hollyanne Newbury,5,Brochów,Eadel,Czech,9/8/1962
62670-4814,4,Jubal,74,Renaldo Scrane,5,Muravlenko,Youtags,Gujarati,4/15/1924
49288-0693,49,Hitman,74,Woodman Gourdon,7,Balengbeng,Avamba,Indonesian,4/18/1939
53808-0943,70,Saturn 3,52,Ailis Filer,7,Svetlanovskiy,Aibox,Kyrgyz,2/12/2010
64693-001,67,Murder by Decree,91,Brew Franciottoi,9,Mojo,Livepath,Arabic,7/8/1954
68084-618,33,The Boogens,12,Jim Briffett,3,Kishi,Skimia,Hebrew,2/26/1994
42192-366,10,Zaat,71,Elfreda Fever,4,Fëdorovskoye,Blogtags,Lao,10/31/1917
0463-6151,83,Eden Log,90,Valery Pickerill,2,Thị Trấn Cao Phong,Photospace,Māori,4/27/1980
30698-144,33,Blume in Love,49,Abbi Wooding,3,Phú Thái,Npath,Afrikaans,7/1/1984
0409-2051,35,Because of Winn-Dixie,5,Drucie Konke,3,Fulong,Abata,Tswana,8/22/1967
24451-788,93,Chouga (Shuga),79,Celia Skep,5,Rumbek,Oloo,Malay,5/9/2020
60760-542,90,High Crimes,7,Tito Tassell,3,Kŭrdzhali,Quatz,Zulu,12/11/1902
98132-723,62,"Last Run, The",89,Luise O'Cahey,3,Sumqayıt,Tekfly,Montenegrin,11/1/1937
42507-074,68,Jackass Presents: Bad Grandpa,40,Aliza Hainey`,6,Margamukti,Mybuzz,Sotho,6/11/2009
68085-8012,93,Now or Never,20,Hebert Cutajar,10,Al Hadā,Snaptags,Dari,12/7/1901
51141-6010,19,"Son of Monte Cristo, The",43,Tiphani Challiner,4,Reno,Twitternation,Tsonga,9/5/1910
10237-817,91,Sanjuro (Tsubaki Sanjûrô),55,Vin Hearon,8,Golbey,Avavee,Tok Pisin,11/30/2008
52915-030,11,Iron Man,96,Kattie Pyott,2,Täby,Youfeed,Ndebele,9/15/2017
43063-384,9,"Convent, The (O Convento)",91,Merissa Ducker,10,Rosignol,Pixonyx,Hebrew,3/24/1973
43596-0004,12,American History X,45,Odelle Hickisson,10,Shihudang,Oloo,Chinese,3/18/1980
68759-003,68,"Family Man, The",79,Anthony Schimonek,3,Kalmunai,Skinte,Bulgarian,11/2/1990
0378-3750,33,Twenty-Four Eyes (Nijûshi no hitomi),2,Noemi Zarfai,1,Congonhas,Jabberstorm,Azeri,3/24/1963
42254-206,17,Paranormal Activity 4,9,Demeter Dugdale,10,Maodao,Realbridge,West Frisian,2/3/1961
0409-4051,70,Schtonk!,74,Dickie D'Ambrogio,2,Iznoski,Lazzy,Kannada,9/2/1994
54482-020,35,Grace of My Heart,47,Calley Rawlin,6,Nora,Kayveo,Macedonian,9/19/1930
65437-038,25,Poison,44,Ferrell Braley,7,Gonghe,Tagchat,Moldovan,3/7/1917
0536-5896,81,Richard III,85,Antoni Wasielewski,9,Dahao,Buzzdog,Lao,1/14/1968
24794-223,56,Garbo the Spy (Garbo: El espía),22,Ulrika Lill,8,Lujing Zhen,Zoozzy,Moldovan,11/13/2018
36987-1564,63,"Profession of Arms, The (Il mestiere delle armi)",5,Greer Northgraves,4,Erada,Plajo,Telugu,1/11/1964
0168-0482,28,Wal-Mart: The High Cost of Low Price,27,Moss Barnhill,7,Jingyang,Skiba,Latvian,3/13/2010
42291-595,73,Demetrius and the Gladiators,29,Guy Heintze,8,Kembé,Flashspan,Quechua,12/7/1949
48951-8021,3,"Hunchback of Notre Dame, The (Notre Dame de Paris)",41,Tadeas Scoggans,5,Bagalangit,Yozio,Indonesian,9/16/1945
49371-042,59,Bitter Creek,44,Gare Glasgow,2,Katima Mulilo,Chatterpoint,Marathi,12/12/1996
55566-8505,2,"Personal History, Adventures, Experience, & Observation of David Copperfield the Younger, The (a.k.a. David Copperfield)",13,Ginelle Rydeard,9,Punkaharju,Divanoodle,Papiamento,11/28/1946
0615-7830,15,Ernest Goes to Africa,87,Lark Moran,2,Batambak,Skyba,Northern Sotho,11/15/1929
55154-6628,5,"Happy, Texas",23,Salvador Sudell,2,Kumalarang,Meevee,Kyrgyz,9/14/1921
29300-130,40,Terms and Conditions May Apply,82,Bradford Rea,7,Ciudad Guayana,Jaxbean,West Frisian,10/13/1933
10578-033,64,"Castle of Cloads, The (Pilvilinna)",17,Tabitha Thowless,8,Kalodu,Skiptube,Icelandic,3/28/2000
0591-3205,85,Cobra Woman,32,Babb Borrott,8,Fuxing,Camimbo,Dzongkha,9/15/1928
16590-027,21,Poolhall Junkies,29,Saunder Nisuis,1,Bojano,Kanoodle,Mongolian,11/26/1956
63629-4475,41,Cheaper by the Dozen 2,55,Oneida Bosley,4,Luleå,Oyoyo,Swahili,7/11/1992
65197-201,53,AM1200,34,Halsy Purseglove,5,Moriki,Mycat,Azeri,4/23/2016
37000-607,84,Bird,26,Edithe McCurley,10,Curahklapa,Wordware,Sotho,2/18/1911
0472-1627,46,Rockin' in the Rockies,10,Vern Abbitt,7,Cergy-Pontoise,Mymm,Filipino,8/14/1987
57520-0461,91,Until the End of the World (Bis ans Ende der Welt),35,Sheila-kathryn Branchflower,2,Bilqās,Flipbug,Aymara,2/22/1987
64159-6969,74,Mississippi Grind,79,Corri Cardenosa,7,Julun,Fadeo,Dari,12/2/1971
68788-9712,94,"My Father the Hero (Mon père, ce héros.)",95,Elise Leyrroyd,9,Matangpayang,Jabbersphere,French,8/28/1991
0527-1726,29,Three Worlds (Trois mondes),78,Benedikt Girodias,9,Panjgūr,Yacero,Fijian,8/27/2005
50436-4842,33,"Fabulous Baker Boys, The",45,Vita Huison,4,Mabilang,Eare,German,10/14/2002
11527-069,28,Private Property (Nue propriété),8,Harriott McPhelimy,9,Shaami-Yurt,Buzzbean,Thai,11/22/1918
0143-9768,27,Dark Floors,74,Stacia O' Culligan,6,Bashtanka,Thoughtworks,Aymara,8/19/1924
45782-0000,84,Begin Again,59,Bekki Gilardi,3,Baltiysk,Feedspan,Spanish,8/8/1908
52426-120,19,"Survivors, The",17,Doralia Glasscock,6,Shunling,Twitterbridge,Romanian,8/10/2000
46708-033,77,Of Time and the City,9,Hashim Comsty,6,Helsingborg,Kanoodle,Estonian,12/17/1980
13537-310,84,"Slipper and the Rose, The",35,Conney Fields,10,Kobleve,Flashpoint,Kannada,10/8/2010
17630-2004,61,"Battle of the Sexes, The",50,Gottfried Neames,8,Marína,Feedfish,Greek,7/18/1989
0245-0181,4,Odgrobadogroba,85,Denys Klimowski,1,Annopol,Mydeo,Zulu,5/20/1985
65044-1301,74,Encore,25,Page Battaille,10,Maddela,Skinder,Luxembourgish,5/10/1900
68382-123,78,3 Ninjas Kick Back,97,Dilly Hackworthy,2,Argentan,Rhyloo,Macedonian,1/27/1970
64117-791,52,Cannibal Holocaust,46,Leonhard Sail,2,Botucatu,Kwideo,Bengali,6/18/1928
49999-077,59,Island at War,57,Billy Garvey,5,Sunnyvale,Tekfly,Telugu,2/22/1984
21130-248,91,Jungle Fever,29,Sayres Marcinkus,4,Barretos,Eadel,Danish,5/13/1993
52125-748,79,Joe Dirt,80,Brander Jochanany,7,Jaunpiebalga,Brightdog,Danish,3/3/2015
51672-3007,30,Turn Left at the End of the World (Sof Ha'Olam Smola),9,Thatcher Deviney,10,Kriel,Oba,Bulgarian,1/27/1936
63354-999,46,Voices,48,Ahmed Eglaise,6,Kalix,Rhyzio,Japanese,8/8/1910
59779-183,86,"Kiss Me, Stupid",36,Brittni Apperley,3,Tenggong,Skimia,Kurdish,7/10/1969
68016-014,29,Raging Phoenix (Deu suay doo),56,Tedda Bovaird,2,Utrecht (stad),Skaboo,Yiddish,8/26/2016
57664-274,96,Photos in the City of Sylvia (Unas fotos en la ciudad de Sylvia),99,Karlee Pucker,7,Daqin Tal,Babbleblab,Guaraní,9/17/1940
36987-2614,37,Quiet Flows the Don (Tikhiy Don),90,Wain Tideswell,6,Puerto Guzmán,Dabtype,West Frisian,4/16/1935
65597-105,45,Tom and Jerry: The Movie,86,Amelia Starcks,3,Thị Trấn Trùng Khánh,Voonix,Estonian,11/8/1984
0268-0199,74,Run,15,Dian Tite,1,Mayo,Jabbercube,Latvian,9/24/2009
68745-2001,43,"Private Life of Henry VIII, The",54,Tobit Colerick,4,Lianhua,Riffpedia,Yiddish,12/29/2002
49580-0242,79,Jimi Hendrix,100,Mercie Hankin,3,Balong Wetan,Voonte,Kazakh,7/8/2020
16110-035,37,Two if by Sea,59,Justine Baynton,7,Kalkal Barat,Zoomdog,Afrikaans,11/30/1900
54868-5511,61,Crazy Beautiful You,24,Randal Lockley,2,Fenglin,Skivee,Dari,10/30/2003
48871-008,22,Dakota Skye,44,Arturo Hadwen,10,Visoko,Divape,Sotho,1/13/1909
68788-9014,7,Aningaaq,88,Mercedes Balbeck,7,Maracaju,Mudo,Burmese,8/7/1943
10267-1016,37,Bugs Bunny's Looney Christmas Tales,24,Minny Shaudfurth,4,La Asunción,Brightdog,Lao,5/30/1946
51345-051,19,Dead Within,48,Bradley Semmence,10,Saripin,Ooba,Tamil,10/4/1959
46122-146,39,Ice Castles,97,Quill Guesford,3,Lokoja,Tagopia,Luxembourgish,6/29/1914
0078-0592,41,Captain Mike Across America (Slacker Uprising),13,Saidee Lowthian,2,Thị Trấn Bình Mỹ,Devpoint,Lao,5/5/1997
55714-2254,58,Wolf Creek 2,30,Deane Eykel,4,Niort,Twitterbeat,Amharic,10/13/1912
54868-4174,98,Are All Men Pedophiles,4,Zaneta Zimmermeister,9,Trinity,Buzzster,Quechua,7/26/1901
0378-6896,60,Glue,57,Lexie Burrells,3,Cachipay,Dynava,Indonesian,12/23/1988
0378-1805,26,"No Retreat, No Surrender",86,Gerianne Ruzicka,4,Ludbreg,Meetz,Sotho,9/15/1990
36800-355,76,Dead Birds,80,Debby Gorini,8,Nglengkir,Skidoo,Amharic,10/8/1917
68712-020,79,"Gas, Food, Lodging",90,Stacey Maciaszczyk,8,Pruszków,Realmix,Papiamento,10/10/1935
52125-412,77,Finisterrae,71,Zara Kirkman,9,Marintoc,DabZ,Malay,8/3/1913
0179-0117,36,"Christmas Carol: The Musical, A (Christmas Carol, A)",30,Fielding Trusty,1,Perené,Fliptune,English,5/10/1921
54569-0243,38,Taken 3,82,Micki Playdon,6,Pocrí,Tagopia,Arabic,9/13/1902
66559-2978,61,War Stories,17,Doralynn Glasscoo,10,Ma’an,Topicware,Japanese,9/22/2017
59045-1002,89,Perfectly Normal,26,Edd Wisby,1,El Aguilar,Thoughtmix,Haitian Creole,2/18/1948
59676-701,30,Free Ride,98,Andros Exell,6,Maceo,Cogidoo,West Frisian,2/16/1925
59779-232,56,"Serpent and the Rainbow, The",32,Virgil Todarini,4,Golina,Oyonder,Somali,10/18/2007
43063-118,36,"Chamber of Death (Chambre des morts, La)",42,Lek Risebrow,9,Bondy,Eadel,Dutch,8/9/1925
13537-076,36,Ten Violent Women,91,Harmonie Morrant,7,Larnaca,Demimbu,Catalan,10/28/1928
65862-422,14,300 Miles to Heaven (300 Mil do Nieba),26,Cassandra Watson,10,Huangjiakou,Blogpad,Yiddish,10/16/1949
62856-282,81,"Magnificent Seven, The",10,Marc Halbord,8,Pohrebyshche,Jaloo,Kyrgyz,5/24/1995
43742-0022,14,Hearts and Minds,63,Erin Shorten,9,London,Feedmix,Hindi,6/28/1902
50268-789,21,Nuts,99,Peta Griffitts,1,Margotuhu Kidul,LiveZ,Portuguese,9/17/1940
0065-0332,71,Gnomeo & Juliet,37,Doug Tomkins,10,Kudirkos Naumiestis,Livetube,Arabic,10/24/1902
0904-6340,33,Bad 25,89,Leanora Maultby,5,Gembu,Kazio,Albanian,9/21/2006
65044-2679,89,"China Syndrome, The",26,Tess Gudger,7,Štěchovice,Flashset,Tok Pisin,8/30/2021
49999-909,55,Disorderlies,71,Hamish Ivakin,10,Zoumi,Topiclounge,Afrikaans,4/1/1965
49758-100,33,Restless (Uro),100,Clayborn Mitten,8,Klumpit,Shuffletag,Assamese,9/21/1905
13668-136,85,Dark Water,45,Ricca Beggini,9,Yulin,Feedbug,Montenegrin,2/3/1928
52125-471,72,"Lost Patrol, The",49,Gabbi Bourget,9,Kolor,Oyope,Quechua,8/6/1940
49852-164,40,Tadpole,95,Feodora Mc Faul,1,Casablanca,Quinu,Dhivehi,11/1/2010
54868-2199,26,Kiss Me Kate,25,Marcella Gimson,9,Insiza,Meemm,Moldovan,5/24/1929
35000-618,35,Basket Case 2,36,Eugene Kenyon,9,Palmasola,Tagopia,New Zealand Sign Language,7/15/1938
98132-181,98,"Ring, The",88,Esma Rush,7,Masuda,Jabberstorm,Pashto,8/27/1951
64942-1060,33,Relationship Status: It's Complicated,91,Kaiser Durtnall,3,Bloomington,Voonyx,Tetum,7/26/1911
51660-336,95,Good Vibrations,100,Greggory Collete,8,Sundsvall,Jaxworks,Moldovan,1/7/1920
68516-4604,4,2:13,29,Lonnie Gorwood,1,Tariji,Flashspan,Kazakh,9/30/1914
43595-081,47,Young Cassidy,33,Julienne Espinho,3,Kerep Wetan,Oyope,New Zealand Sign Language,1/3/1987
68828-134,95,Stars,13,Willette Feldmesser,9,Chenchang,Topicware,Burmese,12/15/1942
50268-221,37,Hansel & Gretel,15,Ossie Pickersgill,8,Paris 14,Wikizz,Northern Sotho,7/16/2012
60429-577,84,Prom Night,14,Sylas Grice,9,Joinville,Edgetag,Fijian,11/30/2008
15127-128,62,Signs,55,Claudelle Walisiak,6,Nagrog,Jabbercube,Portuguese,8/8/1926
59779-429,99,Kansas City Confidential,48,Orrin Coplestone,1,Dili,Jabberbean,Ndebele,9/7/1970
51514-0321,78,Northern Lights,49,Selina Repp,3,Kyaikto,Blogtag,Belarusian,12/24/2014
51991-771,79,Li'l Quinquin,79,Leonerd Manchester,5,Malahide,Meezzy,Kurdish,3/6/1967
41520-399,86,"Immortals, The",21,Caye Jochanany,10,Rudniki,Mydeo,Kyrgyz,11/5/2009
68788-0397,91,Mephisto,25,Henri Remer,3,Sørvágur,Skyble,Hiri Motu,8/21/1972
22100-023,91,Independence Day (a.k.a. ID4),77,Kandy Willingham,4,Paledang,Feednation,Lithuanian,1/29/1982
37000-115,36,Lulu in Berlin,24,Morena Panting,9,Tanjay,Trunyx,Maltese,5/13/1923
27854-101,74,"Pelican, The (Le Pelican)",76,Cassey Stillert,5,Krasnapollye,Yabox,Romanian,11/5/1926
61481-3004,2,Komodo,99,Jordan Venard,4,Katipunan,Thoughtstorm,Kazakh,8/2/1940
37205-295,42,Tactical Force,72,Billye Bloxholm,6,Hunkuyi,Tagchat,Polish,10/8/2010
58118-0613,78,"Cuenca Crime, The (Crimen de Cuenca, El)",64,Norry McCrostie,4,Horrom,Jetpulse,Burmese,1/2/1985
42291-673,74,"Mind Reader, The",50,Terrye Nott,6,Suwałki,Dynabox,Japanese,11/11/1995
21695-171,51,Welcome to Macintosh,13,Celeste Sacks,1,Gobojango,Tagcat,Sotho,6/17/1942
55316-426,81,"Misérables, Les",3,Selena Metzel,7,Yangshan,Kimia,Malayalam,12/12/2014
50458-861,61,"Tall T, The",54,Lainey Cote,7,Xiaojin,Yadel,Japanese,1/2/1994
42507-213,66,Hawaii,76,Ingamar Belasco,10,Juripiranga,Katz,Marathi,1/21/1972
53329-092,10,"Brats, The (Les gamins)",53,Claire Zumbusch,10,Petrovice u Karviné,Janyx,Quechua,12/23/1901
54473-174,81,Dying Breed,38,Audie Doylend,8,Bauru,Eabox,Italian,6/22/1988
52685-423,68,I Am Comic,48,Whitman Backe,7,Teculután,Edgeblab,Korean,10/28/1930
42254-302,32,Pitch Black,83,Kelsey Defty,8,Dubki,Flipstorm,Belarusian,12/6/1998
63323-261,52,I Served the King of England (Obsluhoval jsem anglického krále),65,Yelena Redwing,5,São Domingos,Minyx,Czech,12/14/1973
35356-723,94,"What's in a Name (Prénom, Le)",10,Bevon Zamora,8,Leiden,Ozu,English,3/6/1996
53014-531,24,Double Dhamaal,4,Arty Rey,7,Venâncio Aires,Eimbee,Armenian,3/23/2011
0068-0037,62,RiP: A Remix Manifesto,89,Timoteo Randell,8,Kannabechō-yahiro,Yadel,Hindi,10/26/1927
0113-0333,24,"Tango Lesson, The",8,Hastie Ponsford,10,Huangni,Wordpedia,French,12/15/1931
43846-0005,61,I Think I Do,93,Emlynn Balaam,3,Jiulong,Digitube,Luxembourgish,3/17/1906
68745-1156,85,Chalte Chalte,53,Carmelia Grece,5,Tanjung Pandan,Buzzdog,Armenian,11/12/2018
43269-638,51,Ninja,66,Misti Schollar,4,Xihe,Wordify,Greek,6/2/2021
55154-5088,97,Väreitä,58,Brooks Ashborne,3,Levallois-Perret,Yoveo,Swahili,4/14/2018
53113-103,27,My Old Lady,2,Kaylil McGow,1,Nové Strašecí,Jaxnation,Dhivehi,3/30/1966
58980-631,81,Assault on Precinct 13,7,Mireille Larkin,4,Likiep,Meevee,Malayalam,10/23/1928
53499-1371,50,Captivated,76,Aleta Lias,10,Yanghu,Jaxnation,Kashmiri,2/16/1970
0093-3011,60,"Lamp in the Dark; The Untold History of the Bible, A",14,Marget von Grollmann,4,Hekou,Gigazoom,Estonian,9/10/1916
0603-4383,71,Volver,51,Alleyn O' Driscoll,8,Zhitang,Skipfire,Tsonga,1/6/1974
30142-897,29,Ride the Pink Horse,67,Aron Timothy,7,Töreboda,Camimbo,Nepali,12/12/1974
76405-011,86,"Small Change (Argent de poche, L')",33,Corilla McSaul,7,Placer,Digitube,Afrikaans,1/8/1951
75997-019,34,"Land Before Time II: The Great Valley Adventure, The",10,Ev Eixenberger,10,Limon,Skibox,Azeri,3/28/1936
0268-1412,7,Gimme the Loot,9,Bessie Polsin,2,Pajak,Yombu,Swati,7/11/1959
42961-124,52,Man on a Ledge,90,Judy Torri,10,Tres Arroyos,Kare,Danish,12/6/1938
57297-207,91,Borgman,77,Dugald Haste,6,Curepipe,Oodoo,Ndebele,9/21/1929
66993-051,28,Straight from the Heart,29,Briano McAmish,10,Pingtang,Linkbuzz,Albanian,7/4/1942
42549-560,30,Tamara,89,Nevile Longson,2,Guáimaro,Zoonoodle,Lao,3/16/1936
63347-700,43,Out of the Fog,91,Maryjane McCole,1,Austin,Lajo,Swedish,1/28/2008
0597-0042,92,"Mistress of Spices, The",45,Ignacius Wadmore,8,Houston,Tagopia,Czech,7/13/1939
59262-600,91,Repo Man,88,Britteny Corsham,2,Ngluwuk,Aibox,Dhivehi,11/7/1935
66949-901,80,"Makioka Sisters, The (Sasame-yuki)",16,Noel Mountfort,8,Morales,Avamm,Maltese,11/3/1928
57520-0035,40,Already Dead,49,Hamil Lampitt,1,Malpique,Plajo,Albanian,11/24/2021
42998-974,76,Nicky's Family,60,Marjy Robertis,8,Vanadzor,Camido,Spanish,12/3/2008
36987-1818,17,Life Stinks,82,Kermit Sibbe,5,Wielbark,Dynabox,Japanese,3/29/1995
60505-3145,50,Chicken Run,51,Betteanne St Ledger,1,Lushikeng,Jaloo,Sotho,1/3/1971
21695-522,16,Cooperstown,36,Iolande Habeshaw,3,Bernardo de Irigoyen,Twitterbridge,Gujarati,5/13/2018
36987-1314,54,Puppet Master: The Legacy (Puppet Master 8),32,Saul Longshaw,8,Nora,Flipopia,Mongolian,5/3/1971
55154-6988,18,"Terror Within, The",48,Cris Lampen,7,Tenggong,Topicshots,Finnish,7/21/1954
49288-0698,86,June 9 ,29,Rossie Merrgan,7,Polovinnoye,Izio,Moldovan,5/14/1974
54868-5729,92,Hour of the Wolf (Vargtimmen),98,Melita Wharf,3,Papineauville,Minyx,Gujarati,11/22/2005
49967-079,53,Departures (Okuribito),76,Jena Goede,4,Maisons-Alfort,Plajo,Somali,3/16/2007
0268-0916,17,Winners and Sinners (Qi mou miao ji: Wu fu xing),21,Olimpia Richens,5,Montor Timur,Vitz,Ndebele,11/15/1944
13537-041,18,"Haunted Mansion, The",57,Teresa Causnett,6,Jeseník,Zava,Tsonga,8/30/1943
36987-3109,56,Endangered Species,37,Gonzales Dilley,9,Lamu,Feedspan,Kashmiri,1/26/1978
0268-6614,30,Flying Tigers,12,Hartwell Rottcher,9,Gatbo,Tanoodle,Finnish,6/7/2003
60505-2807,83,Indestructible Man,3,Corrie Gostling,6,Kavalerovo,Gigazoom,Thai,11/15/2009
60503-227,4,High on Crack Street: Lost Lives in Lowell,68,Stefan Henighan,6,Hetang,Yata,Pashto,9/10/2011
30142-014,64,Vampire in Brooklyn,4,Darrel Runacres,5,Labnig,Twitterbeat,Belarusian,11/16/1955
55301-368,25,Miracles - Mr. Canton and Lady Rose,41,Trueman Gatland,6,Orimattila,Youbridge,Indonesian,8/12/1909
16590-154,93,Anguish (Angustia),60,Hunt Pevreal,1,Pajé,Mita,Dhivehi,8/1/1922
52915-020,26,"Apple, The (Sib)",78,Brandyn Jacobbe,3,Paraty,Twitternation,Somali,2/19/2015
37808-806,35,Reap the Wild Wind,29,Beverlie Luca,4,Wangunjaya,Quinu,Tamil,5/13/2002
65862-290,63,Dog Days (Hundstage),56,Thomasine Stockwell,10,Vilarinho das Cambas,Leenti,Czech,7/13/2013
68428-115,50,ATM,20,Del Cianni,1,Savannah,Oyonder,Northern Sotho,1/25/1933
43857-0151,15,Nurse 3D,94,Lindsay Lampart,9,Fundong,Latz,Papiamento,8/3/1940
68084-561,31,Beachhead,46,Libbey Mabone,9,Guanxi,Divape,Swahili,1/13/1956
36800-366,76,Four Ways Out,58,Northrup Hudspith,3,Mosfilotí,Jaxworks,Kurdish,11/23/1904
55154-5454,33,Passion Play,39,Davida Pilbury,9,Kinsealy-Drinan,Miboo,Armenian,1/13/1912
30142-175,44,"Big Hit, The",27,Byron Sircombe,8,Lomintsevskiy,Browsetype,Swahili,8/6/1938
10237-735,29,Mystery of the Wax Museum,48,Dorice Maillard,8,Casal de Cambra,Twitterwire,German,8/26/1905
55312-120,51,Shogun Assassin,37,Bronson Instrell,7,Quichuay,Photobean,Punjabi,12/29/1968
25021-781,69,Born in East L.A.,88,Stillman Paxeford,1,Shemonaīkha,Skipfire,Gagauz,8/12/1951
43353-178,35,Senna,81,Barnie Roughan,6,San Vicente,Blognation,West Frisian,11/7/1970
51079-519,77,Miss Minoes,99,Milli Caudle,4,Yanjiang,Meezzy,Afrikaans,7/10/1981
50563-131,32,Storyville,53,Gonzalo Thebe,1,Sarandë,Twinte,Nepali,8/8/1940
33342-055,42,Marvel One-Shot: Item 47,90,Suzanna Karlowicz,4,Kaduketug,Yamia,Estonian,10/18/1990
48102-006,81,Scanners III: The Takeover (Scanner Force),27,Elysee O'Kenny,8,Camindangan,Chatterbridge,Bulgarian,1/10/1920
43063-122,40,Beautiful Creatures,11,Clarke O'Fielly,4,Wolfsberg,Yodel,French,1/9/1906
17089-416,9,"I Hate Mondays, (Nie lubie poniedzialku)",28,Holt Ratlee,1,Erdaohe,Avamba,Punjabi,6/24/1959
0615-7550,68,"Hour of the Furnaces, The (Hora de los hornos, La)",37,Wilow Merwood,2,Tiwi,Trudeo,Swati,9/24/1984
55154-4566,9,Digging to China,59,Erskine Cuming,3,Duoxiang,Jaxnation,Swahili,1/7/1932
51668-504,85,The Fat Spy,60,Charmion Biner,3,Talisay,Oyoyo,Dhivehi,7/14/2022
63824-278,41,Derailed,2,Chlo Antonchik,7,Ricardo Flores Magon,Meemm,Oriya,8/16/1969
52125-627,22,Rock-A-Doodle,24,Angil Bahia,9,Longjumeau,Snaptags,Hebrew,12/13/1911
52685-447,50,The Castle of Fu Manchu,21,Cornelle Boribal,10,Chernelytsya,Devpoint,Malagasy,5/31/1974
16590-229,98,Ghost Town,48,Marilin Cheel,10,Semampirbarat,Jabberstorm,Pashto,9/17/2000
68745-1026,57,"Last Sunset, The",58,Stafford Skace,3,Ayía Triás,Tagfeed,Hindi,6/11/1952
10702-077,74,Phenomenon,90,Didi Hubbart,3,Citeguh,Leenti,Burmese,4/6/1979
67386-313,82,Eaten Alive,77,Jedd Baudain,2,Bonnyville,Browsetype,Tswana,12/6/1945
67938-1044,68,SS Camp 5: Women's Hell (SS Lager 5: L'inferno delle donne),15,Kial Silby,9,Tianzhen,Skilith,Papiamento,7/4/1939
49288-0413,72,Miracle Run,9,Florencia Poizer,2,Awsīm,Feednation,Estonian,2/10/1910
51079-561,87,Damage (Fatale),11,Ermengarde Duffrie,3,Yulao,Photobean,Ndebele,2/20/1960
53603-1004,16,Invisible Target (Naam yi boon sik),37,Crista Faughny,5,Solok Timur,Feedfish,Catalan,5/11/1979
0591-3228,48,Sons of Perdition,45,Elfrieda Pringle,6,Baturaja,Dabshots,Pashto,8/6/2017
63739-526,7,I Accuse,43,Correy Corey,3,Oyan,Photobean,English,2/8/1980
50484-316,32,"Bellboy, The",22,Ramona Deverock,5,Žlutava,Voonyx,Malayalam,8/24/1966
63941-123,69,"Rita, Sue and Bob Too!",98,Aurora Blunderfield,1,Zielona Góra,Gabtype,Czech,10/11/1916
52125-749,39,Days of Heaven,11,Suzy Rickasse,3,Savran’,Zoomcast,Hungarian,11/10/1953
15127-938,74,From Justin to Kelly,2,Sandra Cothey,5,Xijiang,Skinix,German,4/16/1978
0113-0486,66,We Stand Alone Together,36,Britni Leak,9,Qiulu,Camimbo,Bengali,6/30/1908
43419-340,59,Hiding Out,94,Cordie Corbitt,4,Muting,Mydeo,Norwegian,6/7/1989
0245-0882,8,"Trip to Italy, The",61,Austine Shalcras,6,Neuilly-sur-Marne,Oyondu,Swedish,5/12/1982
36800-016,90,U2 3D,96,Katalin Litchfield,10,Osogbo,Oba,Papiamento,10/3/2015
56152-2050,87,Love at First Fight,58,Angeline Lambregts,6,Yunping,Trudoo,Malagasy,11/15/1966
49349-849,62,Why Not? (Eijanaika),44,Alyosha Laphorn,10,Gjinoc,Leenti,Somali,11/27/1949
49483-329,18,Blue Blood,10,Hertha Spillard,5,Mikołów,Yambee,Tamil,10/31/1906
68647-176,85,Tin Man,70,Ludvig Muxworthy,5,Buka,Thoughtworks,Gagauz,6/28/1928
0904-5731,19,Red State,79,Amabelle Aleksahkin,1,Sidem,Avamm,Yiddish,12/2/2018
35356-720,99,"Overnighters, The",29,Derrick Molloy,7,Nanfeng,Kare,Tamil,6/1/1947
61601-1114,39,Best of the Badmen,77,Zachary Domokos,9,Tawau,Jaxbean,Tetum,5/12/1985
68788-9180,59,Angels in the Outfield,27,Quinn Ahearne,6,Erong,Fanoodle,Kurdish,1/17/1945
0781-2048,90,With Friends Like These...,23,Tammie Bever,6,Bobigny,Gabvine,German,10/30/1984
51706-115,32,Demon Wind,23,Bernhard Joinson,7,Sassandra,Vidoo,Luxembourgish,1/26/1974
58118-6157,71,The Island,55,Roxanne Harnetty,7,Banī Zayd,Tagfeed,Hebrew,1/9/1932
58118-0012,95,Kill Me Later,17,Gaile Noulton,4,Ellinikó,Kwilith,Kannada,2/6/1922
0093-5346,8,Persona,19,Arleyne Lavens,10,Klinan,Skinte,Greek,12/8/1931
53329-062,57,Sugar Hill,83,Adolphe MacRedmond,9,Tadabliro,Katz,Polish,4/24/1916
42507-432,6,After the Rain (Ame agaru) ,24,Veriee Mandeville,5,Altona,Edgewire,Guaraní,1/15/1956
54868-4876,9,"Killer Shrews, The",98,Craggie Wenderoth,9,Yukou,Devpoint,Kazakh,7/15/1976
50653-4001,38,Loaded,32,Marvin Conor,6,Hongxing,Voonix,Polish,6/16/1946
49035-621,60,After Image (Seeing in the Dark),56,Paddie Vergine,2,Oslo,Jazzy,Mongolian,9/19/1991
41520-666,71,Satan's Tango (Sátántangó),48,Wren Coad,5,Babatngon,Avavee,Amharic,4/7/2005
75847-1706,19,Loving,74,Jannelle Husset,9,Pueblo Viejo,Dabjam,Lao,5/9/1951
0093-7381,20,Bride of Chucky (Child's Play 4),4,Celeste Wetherill,3,Xindeng,Thoughtblab,New Zealand Sign Language,2/11/2002
0049-0052,54,Diary of a Lost Girl (Tagebuch einer Verlorenen),63,Ferris McCracken,9,Hannover,Zoombeat,Georgian,8/8/2000
52685-433,66,Stan Helsing,68,Gauthier Dutch,4,Coruripe,Mydeo,Nepali,3/12/1916
62207-366,46,Miss You Can Do It,59,Lucie Winsom,3,Shīeli,Skaboo,Korean,5/18/1929
44376-100,56,Grim Reaper,21,Gideon Gidden,2,El Coco,Thoughtsphere,Maltese,9/13/1953
23636-1001,21,You Ain't Seen Nothin' Yet (Vous n'avez encore rien vu),30,Baily Nabbs,1,Carrefour,Voonyx,German,7/1/1963
57344-001,83,Adoration,90,Audre Lillgard,7,Banana Village,Snaptags,Greek,9/24/1957
64725-0604,83,Ilo Ilo,24,Geralda Renforth,10,Wugong,DabZ,Tajik,10/15/2022
0781-1653,71,"After Dark, My Sweet",15,Humfrid Mulbry,8,Runan,Rhyloo,Lao,9/19/1991
61767-222,16,Numbskull Emptybrook in the Army (Uuno Turhapuro armeijan leivissä),19,Virgie Dome,2,Ungsang,Jetwire,Estonian,7/29/1900
55648-177,5,"Express, The",57,Auroora Josofovitz,4,Hezuoqiao,Aimbu,Bislama,12/19/2015
69072-100,65,Christmas Story (Joulutarina),33,Devondra Fantonetti,6,Ruše,Eire,Tetum,10/7/1946
49738-177,52,Polskie gówno,2,Jessi Shacklady,5,Karangwungu Lor,Kwilith,Catalan,7/29/2004
52125-422,54,"Taking of Pelham One Two Three, The",30,Enos Abrahami,3,Cortes,Devpoint,Kannada,2/19/1959
0135-0520,58,"Incredibly True Adventure of Two Girls in Love, The",77,Nathanial London,7,Jingtan,Zooxo,Ndebele,2/26/1994
49288-0618,33,Hands Across the Table,69,Janine Windrass,3,Abashiri,Cogibox,Telugu,12/6/1952
51270-113,20,Mediterraneo,51,Reynold Haythorn,8,Wan’an,Twiyo,Arabic,6/17/1994
60505-2520,9,Police Academy,10,Mycah Cardon,2,Göteborg,Tagtune,Arabic,3/20/1908
68428-040,78,"Car 54, Where Are You?",90,Allix Warbeys,1,Baltimore,Vinder,Norwegian,3/14/1945
60505-2552,45,Alabama's Ghost,36,Alfie Portriss,9,Sena Madureira,Shufflebeat,Tamil,9/10/1939
49349-747,69,Killing Auntie (Zabicie ciotki),72,Monique Chrestien,7,Badarganj,Kare,Indonesian,6/10/1908
0009-3116,12,Stroker Ace,21,Chev Sommerland,7,Temara,Tagfeed,English,5/7/2022
53157-300,84,Godzilla (Gojira),50,Waneta Eliyahu,2,Goiás,Trilith,Afrikaans,7/19/1926
65841-099,19,To Grandmother's House We Go,21,Oona Dolohunty,6,Doudleby nad Orlicí,Fivebridge,Hiri Motu,4/22/1945
55292-601,29,Drunks,73,Belle Outerbridge,2,Borne Sulinowo,Myworks,Marathi,9/6/2001
51672-1322,12,Incredible Rocky Mountain Race,23,Dulcy Greenside,9,Lynchburg,Pixope,Kashmiri,1/2/2020
63323-318,50,Free Willy 3: The Rescue,96,Andi Copland,2,Lianshi,Brainverse,Hindi,12/21/1948
52959-722,86,"Near East, The (El Proximo Oriente)",25,Corissa Huyge,6,Villa Altagracia,Edgepulse,Guaraní,11/17/1929
10544-095,96,Burning Bright,6,Persis Pumfrett,8,Mori,Twitterlist,Moldovan,9/14/1926
55312-003,100,"Tunnel, The (Tunnel, Der)",25,Enrico Ivashkov,1,Tukan,Photobean,Marathi,7/5/1940
0363-0411,11,"Magic Christmas Tree, The",52,Linoel Kliemchen,2,Shinaihai,Gabtune,Papiamento,6/10/2014
65862-585,86,To End All Wars,70,Millisent Brightie,1,Dongjiao,Roomm,Bulgarian,5/29/2010
62175-210,79,"Time of Your Life, The",12,Chaim Popham,4,Montréal-Ouest,Skinte,Kashmiri,7/1/1995
36987-1556,73,Above the Law,68,Rhianon Cosgrove,5,Fovissste,Yacero,Māori,2/21/1916
0264-7707,6,"Railway Man, The",92,Alva Roo,9,Tmourghout,Edgeify,Tajik,3/20/1955
59115-044,19,Game of Chance (Onnenpeli),35,Arnold Kamiyama,1,Algeciras,Realbridge,Dhivehi,12/22/1948
0054-8183,10,Here be Dragons,48,Alvin McCormack,8,Santol,Kimia,Lithuanian,8/3/1900
68745-1090,40,Ocean's Eleven,94,Vikky Shirer,1,Hendala,Skiptube,Albanian,1/13/2001
68151-0158,33,Asfalttilampaat,27,Chantal Cellone,4,Pyay,Plambee,Polish,3/3/1936
60637-010,62,Bread and Tulips (Pane e tulipani),8,Kerry Czapla,7,Yangjiapo,Yodel,Thai,6/21/2019
17478-290,1,Taking Woodstock,76,Maxy Kearn,6,Puerto San José,Cogidoo,Filipino,7/22/2022
52380-1272,30,Doctor X,72,Ebony Thickpenny,7,Lospalos,Oodoo,Croatian,9/5/1935
62956-0001,90,Chesty: A Tribute to a Legend,81,Pail Marrison,5,Hậu Nghĩa,Bluezoom,Telugu,1/11/1929
36987-2156,74,"Hole, The (Dong)",69,Benedict Ranyelld,2,Köln,Snaptags,English,8/22/1901
59762-0040,76,Antboy,20,Joey Hunting,4,Chachagüí,Topiclounge,Kurdish,3/5/2020
24236-083,34,"Bridal Party in Hardanger, The (Brudeferden i Hardanger)",87,Valerie Trewartha,4,Qiaotou,Lazz,Yiddish,8/6/1986
49349-887,60,Linewatch,91,Witty Gainsbury,7,Langarūd,Pixoboo,Armenian,9/28/2021
68682-992,71,The Fat Albert Halloween Special,74,Ransell McFaul,10,Kyaikkami,Voonte,Icelandic,2/15/1908
65044-1947,53,Hotel Transylvania,45,Sylas Pilley,2,Changtang,Zazio,Italian,12/2/1932
54868-4352,63,Before Sunset,33,Beauregard Doust,10,Plaridel,Flipopia,Malayalam,9/18/1993
17630-2018,27,Hitler's Children,89,Rene Childs,3,Dobřív,Divavu,Finnish,9/4/1924
58668-2721,74,We Don't Live Here Anymore,96,Caryn Lorens,1,Ingenio,Oyoloo,Albanian,2/5/1948
0228-2667,60,Bee Movie,26,Desmund Carcass,1,Williston,Minyx,Lao,3/12/1974
55714-2350,41,"Synecdoche, New York",47,Indira Green,3,Vaughan,Centizu,Malayalam,7/17/2018
43857-0038,92,Black Sheep (Schwarze Schafe),10,Maryann Mingauld,3,Xiaomenjia,Meemm,Aymara,12/29/2008
70253-113,64,Lovely Molly,2,Harriet Sympson,6,Santa María del Real,Meemm,Mongolian,2/15/1991
10019-029,71,Sharknado,49,Artie McCurrie,1,Murça,Wordware,Georgian,1/12/1992
39892-0602,87,Alien Nation: Millennium,98,Laurent Telega,7,Lincoln,Realblab,Czech,7/9/1981
48951-1039,24,Spring Fever,42,Susana Whetton,4,Nangabulik,Tanoodle,Assamese,5/7/1984
51053-500,57,"Best Exotic Marigold Hotel, The",63,Sheelagh Mathiot,1,Kandana,Meetz,Azeri,11/13/1942
41268-344,61,Strange Brew,74,Javier McAusland,7,Colcabamba,Skimia,Swedish,11/21/2018
11701-045,55,Roll Bounce,55,Gisella Carleton,10,Karema,Tazzy,Tsonga,12/4/1995
68016-277,32,One Good Cop,86,Kingsly Okie,6,Zhifang,Skimia,Swedish,8/3/1914
65044-2041,59,Ain't Them Bodies Saints,42,Catlee Cutteridge,1,Halimaung Jaya (F-3),Shuffletag,Kyrgyz,10/8/1970
0615-5552,14,"Virginity Hit, The",7,Timothee Lettington,4,Sanjiao,Jaxspan,Haitian Creole,7/18/1953
30142-149,51,"Rebel, The (Le Rebelle)",7,Veda Stillgoe,9,Gaoqiu,Yoveo,Dutch,11/30/1935
0517-1905,82,It's Good to Be Alive,42,Peria Fisby,5,Eksjö,Izio,Pashto,11/21/2011
11822-9000,31,Trader Horn,35,Diane Chown,4,Šardice,Youbridge,Zulu,4/25/1935
43314-001,87,"Broken Hearts Club, The",8,Janos Southcoat,5,Krikil,Tagchat,Mongolian,6/4/1917
66116-357,3,Princess Aurora (Orora gongju),43,Lia Shovelbottom,8,Ciekek,Rooxo,Haitian Creole,11/22/2020
11822-0065,48,Inherit the Wind,20,Skyler Maillard,3,Belišće,Shufflebeat,Indonesian,10/20/2001
59762-0050,90,"Crow: Salvation, The",45,Merridie Easum,5,Káto Dhiminió,Zoomcast,Bislama,11/18/1984
16590-641,22,Labor Pains,68,Rikki Warrillow,4,Puubheto,Youtags,Croatian,4/25/2003
68788-9662,63,Variety (Varieté),17,Gerald Blow,3,Ojo de Agua,Dynazzy,Haitian Creole,6/18/1936
53040-994,13,Bye-Bye Bin Laden,64,Irving Bakewell,8,San Cristobal,Blogspan,Albanian,3/21/1991
0781-5022,19,"Toy, The",83,Waring Losel,3,Bellavista,Oyoba,Yiddish,6/1/1997
24090-681,42,Varg Veum - Fallen Angels (Varg Veum - Falne Engler),67,Clary Douse,9,Xinshui,Wordpedia,Northern Sotho,7/27/1917
34690-9001,96,Clockwatchers,19,Darin Hunnicutt,6,Szemud,Mydo,Finnish,10/15/1900
63824-479,84,"Nine Lives of Tomas Katz, The",30,Stefanie Bronger,9,Strasbourg,Wikizz,French,1/6/1978
61098-040,90,Toward the Unknown,50,Brunhilde Pickthall,3,Cookshire-Eaton,Agimba,Tok Pisin,4/2/2017
0603-2544,53,The Deep Six,45,Trina Slay,9,Ar Rass,Yodoo,Kyrgyz,7/13/1965
54868-5742,26,Big,12,Chick MacFadyen,7,Kasama,Cogidoo,Filipino,1/21/1920
65643-415,63,"Contempt (Mépris, Le)",29,Cletis Galvin,1,Dresden,Thoughtstorm,Swedish,6/3/1967
54868-5879,3,Terumae romae (Thermae Romae),77,Tate Haseley,3,Sionogan,Topiczoom,Moldovan,12/28/1921
25000-117,56,Joe and Max,13,Sampson Lickorish,3,Ho,Browsetype,Icelandic,2/18/1991
63629-4975,44,"Kingdom, The (Riget)",83,Jada Goodrick,10,Sandaogou,Kimia,Danish,11/2/2020
76470-005,40,True Crime,25,Tally Silver,1,Shitouhe,Dabfeed,German,6/12/1903
0378-6045,11,Sunset Park,91,Nadya Rowbottom,1,Vargem Grande,Tambee,Marathi,9/25/1925
55154-5687,49,Chizuko's Younger Sister (Futari),98,Clemmy Wilkins,4,Bourg-en-Bresse,Quimm,Tswana,7/17/1903
0143-9714,70,Puccini for Beginners,92,Patience Koba,1,Jincun,Avaveo,English,2/3/1940
59762-1003,74,"Secret Adventures of Tom Thumb, The",72,Jana Konertz,1,Dongfanghong,Twitterbridge,Dutch,6/20/1929
51079-746,58,"Fire Within, The (Feu follet, Le)",91,Lezlie Hoogendorp,1,Monte Branco,Jabberstorm,Montenegrin,5/3/1935
68001-257,98,A Second Chance,63,Salomo Gidley,5,Goge,Meembee,Icelandic,9/29/1944
54365-400,23,Mama's Boy,4,Daphne Tibb,8,Salmi,Twimm,Aymara,7/3/1991
51991-708,99,Cashback,95,Tracie Abry,1,Zaozhuang,Edgeify,Hebrew,11/15/1966
0591-2470,80,Hunger,4,Diannne Saill,7,Chaman,Jaxworks,Swahili,12/31/1964
